#
# There is insufficient memory for the Java Runtime Environment to continue.
# Native memory allocation (malloc) failed to allocate 1113568 bytes. Error detail: Chunk::new
# Possible reasons:
#   The system is out of physical RAM or swap space
#   This process is running with CompressedOops enabled, and the Java Heap may be blocking the growth of the native heap
# Possible solutions:
#   Reduce memory load on the system
#   Increase physical memory or swap space
#   Check if swap backing store is full
#   Decrease Java heap size (-Xmx/-Xms)
#   Decrease number of Java threads
#   Decrease Java thread stack sizes (-Xss)
#   Set larger code cache with -XX:ReservedCodeCacheSize=
#   JVM is running with Unscaled Compressed Oops mode in which the Java heap is
#     placed in the first 4GB address space. The Java Heap base address is the
#     maximum limit for the native heap growth. Please use -XX:HeapBaseMinAddress
#     to set the Java Heap base and to place the Java Heap above 4GB virtual address.
# This output file may be truncated or incomplete.
#
#  Out of Memory Error (arena.cpp:168), pid=46704, tid=20392
#
# JRE version: OpenJDK Runtime Environment Temurin-21.0.10+7 (21.0.10+7) (build 21.0.10+7-LTS)
# Java VM: OpenJDK 64-Bit Server VM Temurin-21.0.10+7 (21.0.10+7-LTS, mixed mode, sharing, tiered, compressed oops, compressed class ptrs, g1 gc, windows-amd64)
# No core dump will be written. Minidumps are not enabled by default on client versions of Windows
#

---------------  S U M M A R Y ------------

Command Line: --add-opens=java.base/java.lang=ALL-UNNAMED --add-opens=java.base/java.lang.invoke=ALL-UNNAMED --add-opens=java.base/java.util=ALL-UNNAMED --add-opens=java.prefs/java.util.prefs=ALL-UNNAMED --add-exports=jdk.compiler/com.sun.tools.javac.api=ALL-UNNAMED --add-exports=jdk.compiler/com.sun.tools.javac.util=ALL-UNNAMED --add-opens=java.base/java.util=ALL-UNNAMED --add-opens=java.prefs/java.util.prefs=ALL-UNNAMED --add-opens=java.base/java.nio.charset=ALL-UNNAMED --add-opens=java.base/java.net=ALL-UNNAMED --add-opens=java.base/java.util.concurrent.atomic=ALL-UNNAMED --add-opens=java.xml/javax.xml.namespace=ALL-UNNAMED -XX:MaxMetaspaceSize=512m -XX:ReservedCodeCacheSize=128m -XX:+HeapDumpOnOutOfMemoryError -Xmx2G -Dfile.encoding=UTF-8 -Duser.country=US -Duser.language=en -Duser.variant -javaagent:C:\Users\Muhammad Anas Ayub\.gradle\wrapper\dists\gradle-8.14-all\c2qonpi39x1mddn7hk5gh9iqj\gradle-8.14\lib\agents\gradle-instrumentation-agent-8.14.jar org.gradle.launcher.daemon.bootstrap.GradleDaemon 8.14

Host: AMD Ryzen 5 3600 6-Core Processor              , 12 cores, 15G,  Windows 11 , 64 bit Build 26100 (10.0.26100.8246)
Time: Sun Apr 26 12:12:36 2026 Pakistan Standard Time elapsed time: 38.962741 seconds (0d 0h 0m 38s)

---------------  T H R E A D  ---------------

Current thread (0x000001f32d081ec0):  JavaThread "C2 CompilerThread0" daemon [_thread_in_native, id=20392, stack(0x0000008d38900000,0x0000008d38a00000) (1024K)]


Current CompileTask:
C2:38962 15934       4       org.gradle.api.internal.artifacts.transform.TransformWorkspaceIdentity::createNonNormalizedImmutable (53 bytes)

Stack: [0x0000008d38900000,0x0000008d38a00000]
Native frames: (J=compiled Java code, j=interpreted, Vv=VM code, C=native code)
V  [jvm.dll+0x6d7a39]
V  [jvm.dll+0x8b4b26]
V  [jvm.dll+0x8b70de]
V  [jvm.dll+0x8b77c3]
V  [jvm.dll+0x284346]
V  [jvm.dll+0xc66ed]
V  [jvm.dll+0xc6c31]
V  [jvm.dll+0x3bec3b]
V  [jvm.dll+0x38b162]
V  [jvm.dll+0x38a5aa]
V  [jvm.dll+0x24c560]
V  [jvm.dll+0x24bb40]
V  [jvm.dll+0x1cb34e]
V  [jvm.dll+0x25b85d]
V  [jvm.dll+0x259dea]
V  [jvm.dll+0x3f857e]
V  [jvm.dll+0x85f59d]
V  [jvm.dll+0x6d626d]
C  [ucrtbase.dll+0x37b0]
C  [KERNEL32.DLL+0x2e8d7]
C  [ntdll.dll+0x8c3fc]


---------------  P R O C E S S  ---------------

Threads class SMR info:
_java_thread_list=0x000001f353537560, length=183, elements={
0x000001f31a6df210, 0x000001f32d0681f0, 0x000001f32d068c50, 0x000001f32d06bb70,
0x000001f32d06c830, 0x000001f32d070580, 0x000001f32d07ad20, 0x000001f32d081ec0,
0x000001f32d087100, 0x000001f32d3d1ef0, 0x000001f32d3d3930, 0x000001f32d3d4ce0,
0x000001f32d3d1860, 0x000001f32d3d2c10, 0x000001f32d3d2580, 0x000001f34e21cb30,
0x000001f34e21ec00, 0x000001f34e21d1c0, 0x000001f34e21d850, 0x000001f34e21f290,
0x000001f34e21dee0, 0x000001f34e21e570, 0x000001f34e21f920, 0x000001f34e21c4a0,
0x000001f34e222080, 0x000001f34e222710, 0x000001f34e222da0, 0x000001f34e223430,
0x000001f34e223ac0, 0x000001f34e221360, 0x000001f32d3d3fc0, 0x000001f34f96e0a0,
0x000001f34f96da10, 0x000001f34f96d380, 0x000001f34f96e730, 0x000001f34f96edc0,
0x000001f34f96f450, 0x000001f34f96ccf0, 0x000001f34f96bfd0, 0x000001f34f970800,
0x000001f34f96fae0, 0x000001f34f970170, 0x000001f34f971bb0, 0x000001f34f970e90,
0x000001f34f971520, 0x000001f34f972240, 0x000001f32d39e4f0, 0x000001f32d39eb80,
0x000001f32d39de60, 0x000001f32d39bd90, 0x000001f32d39f210, 0x000001f32d39f8a0,
0x000001f32d39c420, 0x000001f32d39ff30, 0x000001f32d39cab0, 0x000001f32d3a05c0,
0x000001f32d39d140, 0x000001f32d3a0c50, 0x000001f32d39d7d0, 0x000001f32d3a2d20,
0x000001f32d3a12e0, 0x000001f32d3a1970, 0x000001f32d3a2000, 0x000001f32d3a33b0,
0x000001f32d3a2690, 0x000001f3502c4c80, 0x000001f3502c59a0, 0x000001f3502c3240,
0x000001f3502c8790, 0x000001f3502ca1d0, 0x000001f3502c7a70, 0x000001f3502c8100,
0x000001f3502c94b0, 0x000001f3502c8e20, 0x000001f3502c9b40, 0x000001f3502c73e0,
0x000001f3502ca860, 0x000001f32d3d4650, 0x000001f34ebcaf20, 0x000001f34ebca200,
0x000001f34ebcb5b0, 0x000001f34ebcbc40, 0x000001f34ebc87c0, 0x000001f34ebc94e0,
0x000001f34ebca890, 0x000001f34ebcc2d0, 0x000001f34ebc8e50, 0x000001f34ebcc960,
0x000001f34ebccff0, 0x000001f34ebc9b70, 0x000001f34ebcf750, 0x000001f34ebcd680,
0x000001f34ebcfde0, 0x000001f34ebcdd10, 0x000001f34ebce3a0, 0x000001f34ebcea30,
0x000001f34ebcf0c0, 0x000001f34f752440, 0x000001f34f752ad0, 0x000001f34f74f650,
0x000001f34f751090, 0x000001f34f750a00, 0x000001f34f751db0, 0x000001f34f753160,
0x000001f34f74fce0, 0x000001f34f751720, 0x000001f34f750370, 0x000001f34f7558c0,
0x000001f34f754ba0, 0x000001f34f755230, 0x000001f34f755f50, 0x000001f34f756c70,
0x000001f34f753e80, 0x000001f34f7537f0, 0x000001f34f754510, 0x000001f34f7565e0,
0x000001f3537c5110, 0x000001f3537c5e30, 0x000001f3537c64c0, 0x000001f3537c36d0,
0x000001f3537c3d60, 0x000001f3537c3040, 0x000001f34fec0890, 0x000001f34febf4e0,
0x000001f34febfb70, 0x000001f34febee50, 0x000001f34fec0f20, 0x000001f34febdaa0,
0x000001f34febe130, 0x000001f34fec0200, 0x000001f34febe7c0, 0x000001f34e7a4ac0,
0x000001f34e7a7220, 0x000001f34e7a4430, 0x000001f34e7a5150, 0x000001f34e7a57e0,
0x000001f34e7a6b90, 0x000001f34e7a6500, 0x000001f34e7a5e70, 0x000001f34e7a3da0,
0x000001f34e7a85d0, 0x000001f34e7aa6a0, 0x000001f34e7a8c60, 0x000001f34e7a78b0,
0x000001f34e7a92f0, 0x000001f34e7a9980, 0x000001f34e7aa010, 0x000001f34e7aad30,
0x000001f34e7ab3c0, 0x000001f34e7a7f40, 0x000001f3537c6b50, 0x000001f3537c7870,
0x000001f3537c7f00, 0x000001f3537c57a0, 0x000001f3537c8590, 0x000001f353a41c90,
0x000001f351afe5d0, 0x000001f351afc500, 0x000001f351afec60, 0x000001f351afcb90,
0x000001f351afb7e0, 0x000001f351b006a0, 0x000001f351b020e0, 0x000001f351b013c0,
0x000001f351aff980, 0x000001f351b00d30, 0x000001f351b02770, 0x000001f351b01a50,
0x000001f351aff2f0, 0x000001f351b02e00, 0x000001f351b03490, 0x000001f351b00010,
0x000001f351b05bf0, 0x000001f351b05560, 0x000001f351b03b20, 0x000001f353a45110,
0x000001f354ca0050, 0x000001f354c9b190, 0x000001f354c99de0, 0x000001f354c9b820,
0x000001f354c9beb0, 0x000001f354c99750, 0x000001f3537ca660
}

Java Threads: ( => current thread )
  0x000001f31a6df210 JavaThread "main"                              [_thread_blocked, id=39904, stack(0x0000008d37b00000,0x0000008d37c00000) (1024K)]
  0x000001f32d0681f0 JavaThread "Reference Handler"          daemon [_thread_blocked, id=17224, stack(0x0000008d38300000,0x0000008d38400000) (1024K)]
  0x000001f32d068c50 JavaThread "Finalizer"                  daemon [_thread_blocked, id=46292, stack(0x0000008d38400000,0x0000008d38500000) (1024K)]
  0x000001f32d06bb70 JavaThread "Signal Dispatcher"          daemon [_thread_blocked, id=41840, stack(0x0000008d38500000,0x0000008d38600000) (1024K)]
  0x000001f32d06c830 JavaThread "Attach Listener"            daemon [_thread_blocked, id=44284, stack(0x0000008d38600000,0x0000008d38700000) (1024K)]
  0x000001f32d070580 JavaThread "Service Thread"             daemon [_thread_blocked, id=13768, stack(0x0000008d38700000,0x0000008d38800000) (1024K)]
  0x000001f32d07ad20 JavaThread "Monitor Deflation Thread"   daemon [_thread_blocked, id=37404, stack(0x0000008d38800000,0x0000008d38900000) (1024K)]
=>0x000001f32d081ec0 JavaThread "C2 CompilerThread0"         daemon [_thread_in_native, id=20392, stack(0x0000008d38900000,0x0000008d38a00000) (1024K)]
  0x000001f32d087100 JavaThread "C1 CompilerThread0"         daemon [_thread_blocked, id=45760, stack(0x0000008d38a00000,0x0000008d38b00000) (1024K)]
  0x000001f32d3d1ef0 JavaThread "Common-Cleaner"             daemon [_thread_blocked, id=28068, stack(0x0000008d38b00000,0x0000008d38c00000) (1024K)]
  0x000001f32d3d3930 JavaThread "Notification Thread"        daemon [_thread_blocked, id=47868, stack(0x0000008d38c00000,0x0000008d38d00000) (1024K)]
  0x000001f32d3d4ce0 JavaThread "Daemon health stats"               [_thread_blocked, id=9156, stack(0x0000008d39400000,0x0000008d39500000) (1024K)]
  0x000001f32d3d1860 JavaThread "Incoming local TCP Connector on port 56357"        [_thread_in_native, id=43708, stack(0x0000008d39500000,0x0000008d39600000) (1024K)]
  0x000001f32d3d2c10 JavaThread "Daemon periodic checks"            [_thread_blocked, id=48336, stack(0x0000008d39600000,0x0000008d39700000) (1024K)]
  0x000001f32d3d2580 JavaThread "Daemon"                            [_thread_blocked, id=13204, stack(0x0000008d39700000,0x0000008d39800000) (1024K)]
  0x000001f34e21cb30 JavaThread "Handler for socket connection from /127.0.0.1:56357 to /127.0.0.1:56358"        [_thread_in_native, id=47900, stack(0x0000008d39800000,0x0000008d39900000) (1024K)]
  0x000001f34e21ec00 JavaThread "Cancel handler"                    [_thread_blocked, id=43660, stack(0x0000008d39900000,0x0000008d39a00000) (1024K)]
  0x000001f34e21d1c0 JavaThread "Daemon worker"                     [_thread_in_native, id=46876, stack(0x0000008d39a00000,0x0000008d39b00000) (1024K)]
  0x000001f34e21d850 JavaThread "Asynchronous log dispatcher for DefaultDaemonConnection: socket connection from /127.0.0.1:56357 to /127.0.0.1:56358"        [_thread_blocked, id=40428, stack(0x0000008d39b00000,0x0000008d39c00000) (1024K)]
  0x000001f34e21f290 JavaThread "Stdin handler"                     [_thread_blocked, id=47076, stack(0x0000008d39c00000,0x0000008d39d00000) (1024K)]
  0x000001f34e21dee0 JavaThread "Daemon client event forwarder"        [_thread_blocked, id=15188, stack(0x0000008d39d00000,0x0000008d39e00000) (1024K)]
  0x000001f34e21e570 JavaThread "Cache worker for journal cache (C:\Users\Muhammad Anas Ayub\.gradle\caches\journal-1)"        [_thread_blocked, id=17312, stack(0x0000008d39e00000,0x0000008d39f00000) (1024K)]
  0x000001f34e21f920 JavaThread "File lock request listener"        [_thread_in_native, id=41412, stack(0x0000008d39f00000,0x0000008d3a000000) (1024K)]
  0x000001f34e21c4a0 JavaThread "Cache worker for file hash cache (C:\Users\Muhammad Anas Ayub\.gradle\caches\8.14\fileHashes)"        [_thread_blocked, id=48420, stack(0x0000008d3a000000,0x0000008d3a100000) (1024K)]
  0x000001f34e222080 JavaThread "Cache worker for file hash cache (D:\mindfulmeals_clean\mindful\android\.gradle\8.14\fileHashes)"        [_thread_blocked, id=13540, stack(0x0000008d3a700000,0x0000008d3a800000) (1024K)]
  0x000001f34e222710 JavaThread "Cache worker for Build Output Cleanup Cache (D:\mindfulmeals_clean\mindful\android\.gradle\buildOutputCleanup)"        [_thread_blocked, id=46468, stack(0x0000008d3a800000,0x0000008d3a900000) (1024K)]
  0x000001f34e222da0 JavaThread "File watcher server"        daemon [_thread_in_native, id=33212, stack(0x0000008d3a900000,0x0000008d3aa00000) (1024K)]
  0x000001f34e223430 JavaThread "File watcher consumer"      daemon [_thread_blocked, id=47920, stack(0x0000008d3aa00000,0x0000008d3ab00000) (1024K)]
  0x000001f34e223ac0 JavaThread "Cache worker for checksums cache (D:\mindfulmeals_clean\mindful\android\.gradle\8.14\checksums)"        [_thread_blocked, id=16408, stack(0x0000008d3ab00000,0x0000008d3ac00000) (1024K)]
  0x000001f34e221360 JavaThread "Cache worker for file content cache (C:\Users\Muhammad Anas Ayub\.gradle\caches\8.14\fileContent)"        [_thread_blocked, id=3164, stack(0x0000008d3ac00000,0x0000008d3ad00000) (1024K)]
  0x000001f32d3d3fc0 JavaThread "Cache worker for cache directory md-supplier (C:\Users\Muhammad Anas Ayub\.gradle\caches\8.14\md-supplier)"        [_thread_blocked, id=45328, stack(0x0000008d3ad00000,0x0000008d3ae00000) (1024K)]
  0x000001f34f96e0a0 JavaThread "Cache worker for cache directory md-rule (C:\Users\Muhammad Anas Ayub\.gradle\caches\8.14\md-rule)"        [_thread_blocked, id=47508, stack(0x0000008d3ae00000,0x0000008d3af00000) (1024K)]
  0x000001f34f96da10 JavaThread "Cache worker for Build Output Cleanup Cache (C:\development\flutter\packages\flutter_tools\gradle\.gradle\buildOutputCleanup)"        [_thread_blocked, id=42648, stack(0x0000008d3af00000,0x0000008d3b000000) (1024K)]
  0x000001f34f96d380 JavaThread "Unconstrained build operations"        [_thread_blocked, id=4900, stack(0x0000008d3b000000,0x0000008d3b100000) (1024K)]
  0x000001f34f96e730 JavaThread "Unconstrained build operations Thread 2"        [_thread_blocked, id=9628, stack(0x0000008d3b100000,0x0000008d3b200000) (1024K)]
  0x000001f34f96edc0 JavaThread "Unconstrained build operations Thread 3"        [_thread_blocked, id=45028, stack(0x0000008d3b200000,0x0000008d3b300000) (1024K)]
  0x000001f34f96f450 JavaThread "Unconstrained build operations Thread 4"        [_thread_blocked, id=16104, stack(0x0000008d3b300000,0x0000008d3b400000) (1024K)]
  0x000001f34f96ccf0 JavaThread "Unconstrained build operations Thread 5"        [_thread_blocked, id=36056, stack(0x0000008d3b400000,0x0000008d3b500000) (1024K)]
  0x000001f34f96bfd0 JavaThread "Unconstrained build operations Thread 6"        [_thread_blocked, id=8080, stack(0x0000008d3b500000,0x0000008d3b600000) (1024K)]
  0x000001f34f970800 JavaThread "Unconstrained build operations Thread 7"        [_thread_blocked, id=46256, stack(0x0000008d3b600000,0x0000008d3b700000) (1024K)]
  0x000001f34f96fae0 JavaThread "Unconstrained build operations Thread 8"        [_thread_blocked, id=14876, stack(0x0000008d3b700000,0x0000008d3b800000) (1024K)]
  0x000001f34f970170 JavaThread "Unconstrained build operations Thread 9"        [_thread_blocked, id=43912, stack(0x0000008d3b800000,0x0000008d3b900000) (1024K)]
  0x000001f34f971bb0 JavaThread "Unconstrained build operations Thread 10"        [_thread_blocked, id=39020, stack(0x0000008d3b900000,0x0000008d3ba00000) (1024K)]
  0x000001f34f970e90 JavaThread "Unconstrained build operations Thread 11"        [_thread_blocked, id=15748, stack(0x0000008d3ba00000,0x0000008d3bb00000) (1024K)]
  0x000001f34f971520 JavaThread "Unconstrained build operations Thread 12"        [_thread_blocked, id=14448, stack(0x0000008d3bb00000,0x0000008d3bc00000) (1024K)]
  0x000001f34f972240 JavaThread "Unconstrained build operations Thread 13"        [_thread_blocked, id=41580, stack(0x0000008d3bc00000,0x0000008d3bd00000) (1024K)]
  0x000001f32d39e4f0 JavaThread "Unconstrained build operations Thread 14"        [_thread_blocked, id=34176, stack(0x0000008d3bd00000,0x0000008d3be00000) (1024K)]
  0x000001f32d39eb80 JavaThread "Unconstrained build operations Thread 15"        [_thread_blocked, id=47564, stack(0x0000008d3be00000,0x0000008d3bf00000) (1024K)]
  0x000001f32d39de60 JavaThread "Unconstrained build operations Thread 16"        [_thread_blocked, id=42784, stack(0x0000008d3bf00000,0x0000008d3c000000) (1024K)]
  0x000001f32d39bd90 JavaThread "Unconstrained build operations Thread 17"        [_thread_blocked, id=47072, stack(0x0000008d3c000000,0x0000008d3c100000) (1024K)]
  0x000001f32d39f210 JavaThread "Unconstrained build operations Thread 18"        [_thread_blocked, id=48672, stack(0x0000008d3c100000,0x0000008d3c200000) (1024K)]
  0x000001f32d39f8a0 JavaThread "Unconstrained build operations Thread 19"        [_thread_blocked, id=14044, stack(0x0000008d3c200000,0x0000008d3c300000) (1024K)]
  0x000001f32d39c420 JavaThread "Unconstrained build operations Thread 20"        [_thread_blocked, id=4620, stack(0x0000008d3c300000,0x0000008d3c400000) (1024K)]
  0x000001f32d39ff30 JavaThread "Unconstrained build operations Thread 21"        [_thread_blocked, id=47832, stack(0x0000008d3c400000,0x0000008d3c500000) (1024K)]
  0x000001f32d39cab0 JavaThread "Unconstrained build operations Thread 22"        [_thread_blocked, id=39860, stack(0x0000008d3c500000,0x0000008d3c600000) (1024K)]
  0x000001f32d3a05c0 JavaThread "Unconstrained build operations Thread 23"        [_thread_blocked, id=5604, stack(0x0000008d3c600000,0x0000008d3c700000) (1024K)]
  0x000001f32d39d140 JavaThread "Unconstrained build operations Thread 24"        [_thread_blocked, id=40388, stack(0x0000008d3c700000,0x0000008d3c800000) (1024K)]
  0x000001f32d3a0c50 JavaThread "Unconstrained build operations Thread 25"        [_thread_blocked, id=39336, stack(0x0000008d3c800000,0x0000008d3c900000) (1024K)]
  0x000001f32d39d7d0 JavaThread "Unconstrained build operations Thread 26"        [_thread_blocked, id=41564, stack(0x0000008d3c900000,0x0000008d3ca00000) (1024K)]
  0x000001f32d3a2d20 JavaThread "Unconstrained build operations Thread 27"        [_thread_blocked, id=43068, stack(0x0000008d3ca00000,0x0000008d3cb00000) (1024K)]
  0x000001f32d3a12e0 JavaThread "Unconstrained build operations Thread 28"        [_thread_blocked, id=1492, stack(0x0000008d3cb00000,0x0000008d3cc00000) (1024K)]
  0x000001f32d3a1970 JavaThread "Unconstrained build operations Thread 29"        [_thread_blocked, id=5300, stack(0x0000008d3cc00000,0x0000008d3cd00000) (1024K)]
  0x000001f32d3a2000 JavaThread "Unconstrained build operations Thread 30"        [_thread_blocked, id=19584, stack(0x0000008d3cd00000,0x0000008d3ce00000) (1024K)]
  0x000001f32d3a33b0 JavaThread "Unconstrained build operations Thread 31"        [_thread_blocked, id=42676, stack(0x0000008d3ce00000,0x0000008d3cf00000) (1024K)]
  0x000001f32d3a2690 JavaThread "Unconstrained build operations Thread 32"        [_thread_blocked, id=11536, stack(0x0000008d3cf00000,0x0000008d3d000000) (1024K)]
  0x000001f3502c4c80 JavaThread "Unconstrained build operations Thread 33"        [_thread_blocked, id=5232, stack(0x0000008d3d000000,0x0000008d3d100000) (1024K)]
  0x000001f3502c59a0 JavaThread "Memory manager"                    [_thread_blocked, id=41192, stack(0x0000008d3d100000,0x0000008d3d200000) (1024K)]
  0x000001f3502c3240 JavaThread "build event listener"              [_thread_blocked, id=31448, stack(0x0000008d39300000,0x0000008d39400000) (1024K)]
  0x000001f3502c8790 JavaThread "included builds"                   [_thread_blocked, id=47184, stack(0x0000008d3d200000,0x0000008d3d300000) (1024K)]
  0x000001f3502ca1d0 JavaThread "Execution worker"                  [_thread_blocked, id=16840, stack(0x0000008d3d300000,0x0000008d3d400000) (1024K)]
  0x000001f3502c7a70 JavaThread "Execution worker Thread 2"         [_thread_blocked, id=40928, stack(0x0000008d3d400000,0x0000008d3d500000) (1024K)]
  0x000001f3502c8100 JavaThread "Execution worker Thread 3"         [_thread_blocked, id=45376, stack(0x0000008d3d500000,0x0000008d3d600000) (1024K)]
  0x000001f3502c94b0 JavaThread "Execution worker Thread 4"         [_thread_blocked, id=16052, stack(0x0000008d3d600000,0x0000008d3d700000) (1024K)]
  0x000001f3502c8e20 JavaThread "Execution worker Thread 5"         [_thread_blocked, id=12544, stack(0x0000008d3d700000,0x0000008d3d800000) (1024K)]
  0x000001f3502c9b40 JavaThread "Execution worker Thread 6"         [_thread_blocked, id=46384, stack(0x0000008d3d800000,0x0000008d3d900000) (1024K)]
  0x000001f3502c73e0 JavaThread "Execution worker Thread 7"         [_thread_blocked, id=16264, stack(0x0000008d3d900000,0x0000008d3da00000) (1024K)]
  0x000001f3502ca860 JavaThread "Execution worker Thread 8"         [_thread_blocked, id=49108, stack(0x0000008d3da00000,0x0000008d3db00000) (1024K)]
  0x000001f32d3d4650 JavaThread "Execution worker Thread 9"         [_thread_blocked, id=47856, stack(0x0000008d3db00000,0x0000008d3dc00000) (1024K)]
  0x000001f34ebcaf20 JavaThread "Execution worker Thread 10"        [_thread_blocked, id=1576, stack(0x0000008d3dc00000,0x0000008d3dd00000) (1024K)]
  0x000001f34ebca200 JavaThread "Execution worker Thread 11"        [_thread_blocked, id=48632, stack(0x0000008d3dd00000,0x0000008d3de00000) (1024K)]
  0x000001f34ebcb5b0 JavaThread "Cache worker for execution history cache (C:\development\flutter\packages\flutter_tools\gradle\.gradle\8.14\executionHistory)"        [_thread_blocked, id=20252, stack(0x0000008d3de00000,0x0000008d3df00000) (1024K)]
  0x000001f34ebcbc40 JavaThread "Unconstrained build operations Thread 34"        [_thread_blocked, id=15428, stack(0x0000008d38d00000,0x0000008d38e00000) (1024K)]
  0x000001f34ebc87c0 JavaThread "Unconstrained build operations Thread 35"        [_thread_blocked, id=28348, stack(0x0000008d3df00000,0x0000008d3e000000) (1024K)]
  0x000001f34ebc94e0 JavaThread "Unconstrained build operations Thread 36"        [_thread_blocked, id=12488, stack(0x0000008d3e000000,0x0000008d3e100000) (1024K)]
  0x000001f34ebca890 JavaThread "Unconstrained build operations Thread 37"        [_thread_blocked, id=38528, stack(0x0000008d3e100000,0x0000008d3e200000) (1024K)]
  0x000001f34ebcc2d0 JavaThread "Unconstrained build operations Thread 38"        [_thread_blocked, id=15148, stack(0x0000008d3e200000,0x0000008d3e300000) (1024K)]
  0x000001f34ebc8e50 JavaThread "Unconstrained build operations Thread 39"        [_thread_blocked, id=43028, stack(0x0000008d3e300000,0x0000008d3e400000) (1024K)]
  0x000001f34ebcc960 JavaThread "Unconstrained build operations Thread 40"        [_thread_blocked, id=33144, stack(0x0000008d3e400000,0x0000008d3e500000) (1024K)]
  0x000001f34ebccff0 JavaThread "Unconstrained build operations Thread 41"        [_thread_blocked, id=38728, stack(0x0000008d3e500000,0x0000008d3e600000) (1024K)]
  0x000001f34ebc9b70 JavaThread "Unconstrained build operations Thread 42"        [_thread_blocked, id=45484, stack(0x0000008d3e600000,0x0000008d3e700000) (1024K)]
  0x000001f34ebcf750 JavaThread "Unconstrained build operations Thread 43"        [_thread_blocked, id=44912, stack(0x0000008d3e700000,0x0000008d3e800000) (1024K)]
  0x000001f34ebcd680 JavaThread "Unconstrained build operations Thread 44"        [_thread_blocked, id=11208, stack(0x0000008d3e800000,0x0000008d3e900000) (1024K)]
  0x000001f34ebcfde0 JavaThread "Unconstrained build operations Thread 45"        [_thread_blocked, id=5820, stack(0x0000008d3e900000,0x0000008d3ea00000) (1024K)]
  0x000001f34ebcdd10 JavaThread "Unconstrained build operations Thread 46"        [_thread_blocked, id=9692, stack(0x0000008d3ea00000,0x0000008d3eb00000) (1024K)]
  0x000001f34ebce3a0 JavaThread "Unconstrained build operations Thread 47"        [_thread_blocked, id=20876, stack(0x0000008d3eb00000,0x0000008d3ec00000) (1024K)]
  0x000001f34ebcea30 JavaThread "Unconstrained build operations Thread 48"        [_thread_blocked, id=34808, stack(0x0000008d3ec00000,0x0000008d3ed00000) (1024K)]
  0x000001f34ebcf0c0 JavaThread "Unconstrained build operations Thread 49"        [_thread_blocked, id=45036, stack(0x0000008d3ed00000,0x0000008d3ee00000) (1024K)]
  0x000001f34f752440 JavaThread "Unconstrained build operations Thread 50"        [_thread_blocked, id=3888, stack(0x0000008d3ee00000,0x0000008d3ef00000) (1024K)]
  0x000001f34f752ad0 JavaThread "Unconstrained build operations Thread 51"        [_thread_blocked, id=2656, stack(0x0000008d3ef00000,0x0000008d3f000000) (1024K)]
  0x000001f34f74f650 JavaThread "Unconstrained build operations Thread 52"        [_thread_blocked, id=47304, stack(0x0000008d3f000000,0x0000008d3f100000) (1024K)]
  0x000001f34f751090 JavaThread "Unconstrained build operations Thread 53"        [_thread_blocked, id=48636, stack(0x0000008d3f100000,0x0000008d3f200000) (1024K)]
  0x000001f34f750a00 JavaThread "Unconstrained build operations Thread 54"        [_thread_blocked, id=17168, stack(0x0000008d3f200000,0x0000008d3f300000) (1024K)]
  0x000001f34f751db0 JavaThread "Unconstrained build operations Thread 55"        [_thread_blocked, id=7604, stack(0x0000008d3f300000,0x0000008d3f400000) (1024K)]
  0x000001f34f753160 JavaThread "Unconstrained build operations Thread 56"        [_thread_blocked, id=48764, stack(0x0000008d3f400000,0x0000008d3f500000) (1024K)]
  0x000001f34f74fce0 JavaThread "Unconstrained build operations Thread 57"        [_thread_blocked, id=40392, stack(0x0000008d3f500000,0x0000008d3f600000) (1024K)]
  0x000001f34f751720 JavaThread "Unconstrained build operations Thread 58"        [_thread_blocked, id=10620, stack(0x0000008d3f600000,0x0000008d3f700000) (1024K)]
  0x000001f34f750370 JavaThread "Unconstrained build operations Thread 59"        [_thread_blocked, id=44416, stack(0x0000008d3f700000,0x0000008d3f800000) (1024K)]
  0x000001f34f7558c0 JavaThread "Unconstrained build operations Thread 60"        [_thread_blocked, id=9360, stack(0x0000008d3f800000,0x0000008d3f900000) (1024K)]
  0x000001f34f754ba0 JavaThread "Unconstrained build operations Thread 61"        [_thread_blocked, id=46452, stack(0x0000008d3f900000,0x0000008d3fa00000) (1024K)]
  0x000001f34f755230 JavaThread "Unconstrained build operations Thread 62"        [_thread_blocked, id=44436, stack(0x0000008d3fa00000,0x0000008d3fb00000) (1024K)]
  0x000001f34f755f50 JavaThread "Unconstrained build operations Thread 63"        [_thread_blocked, id=43356, stack(0x0000008d3fb00000,0x0000008d3fc00000) (1024K)]
  0x000001f34f756c70 JavaThread "Unconstrained build operations Thread 64"        [_thread_blocked, id=37696, stack(0x0000008d3fc00000,0x0000008d3fd00000) (1024K)]
  0x000001f34f753e80 JavaThread "Unconstrained build operations Thread 65"        [_thread_blocked, id=41284, stack(0x0000008d3fd00000,0x0000008d3fe00000) (1024K)]
  0x000001f34f7537f0 JavaThread "Unconstrained build operations Thread 66"        [_thread_blocked, id=3704, stack(0x0000008d3fe00000,0x0000008d3ff00000) (1024K)]
  0x000001f34f754510 JavaThread "Unconstrained build operations Thread 67"        [_thread_blocked, id=38060, stack(0x0000008d40000000,0x0000008d40100000) (1024K)]
  0x000001f34f7565e0 JavaThread "Unconstrained build operations Thread 68"        [_thread_blocked, id=44248, stack(0x0000008d40100000,0x0000008d40200000) (1024K)]
  0x000001f3537c5110 JavaThread "WorkerExecutor Queue"              [_thread_blocked, id=1260, stack(0x0000008d40200000,0x0000008d40300000) (1024K)]
  0x000001f3537c5e30 JavaThread "RMI Scheduler(0)"           daemon [_thread_blocked, id=21396, stack(0x0000008d3ff00000,0x0000008d40000000) (1024K)]
  0x000001f3537c64c0 JavaThread "RMI GC Daemon"              daemon [_thread_blocked, id=17248, stack(0x0000008d40400000,0x0000008d40500000) (1024K)]
  0x000001f3537c36d0 JavaThread "RMI TCP Accept-0"           daemon [_thread_in_native, id=16332, stack(0x0000008d40500000,0x0000008d40600000) (1024K)]
  0x000001f3537c3d60 JavaThread "RMI Reaper"                        [_thread_blocked, id=5740, stack(0x0000008d40600000,0x0000008d40700000) (1024K)]
  0x000001f3537c3040 JavaThread "RMI TCP Connection(1)-127.0.0.1" daemon [_thread_in_native, id=43880, stack(0x0000008d40700000,0x0000008d40800000) (1024K)]
  0x000001f34fec0890 JavaThread "Unconstrained build operations Thread 69"        [_thread_blocked, id=12012, stack(0x0000008d40300000,0x0000008d40400000) (1024K)]
  0x000001f34febf4e0 JavaThread "Unconstrained build operations Thread 70"        [_thread_blocked, id=10780, stack(0x0000008d40800000,0x0000008d40900000) (1024K)]
  0x000001f34febfb70 JavaThread "Unconstrained build operations Thread 71"        [_thread_blocked, id=2972, stack(0x0000008d40900000,0x0000008d40a00000) (1024K)]
  0x000001f34febee50 JavaThread "Unconstrained build operations Thread 72"        [_thread_blocked, id=28668, stack(0x0000008d40a00000,0x0000008d40b00000) (1024K)]
  0x000001f34fec0f20 JavaThread "Unconstrained build operations Thread 73"        [_thread_blocked, id=18324, stack(0x0000008d40b00000,0x0000008d40c00000) (1024K)]
  0x000001f34febdaa0 JavaThread "Unconstrained build operations Thread 74"        [_thread_blocked, id=47420, stack(0x0000008d40c00000,0x0000008d40d00000) (1024K)]
  0x000001f34febe130 JavaThread "Unconstrained build operations Thread 75"        [_thread_blocked, id=36788, stack(0x0000008d40d00000,0x0000008d40e00000) (1024K)]
  0x000001f34fec0200 JavaThread "Unconstrained build operations Thread 76"        [_thread_blocked, id=47020, stack(0x0000008d40e00000,0x0000008d40f00000) (1024K)]
  0x000001f34febe7c0 JavaThread "Unconstrained build operations Thread 77"        [_thread_blocked, id=42656, stack(0x0000008d40f00000,0x0000008d41000000) (1024K)]
  0x000001f34e7a4ac0 JavaThread "Unconstrained build operations Thread 78"        [_thread_blocked, id=42468, stack(0x0000008d41000000,0x0000008d41100000) (1024K)]
  0x000001f34e7a7220 JavaThread "Unconstrained build operations Thread 79"        [_thread_blocked, id=42460, stack(0x0000008d41100000,0x0000008d41200000) (1024K)]
  0x000001f34e7a4430 JavaThread "Unconstrained build operations Thread 80"        [_thread_blocked, id=20852, stack(0x0000008d41300000,0x0000008d41400000) (1024K)]
  0x000001f34e7a5150 JavaThread "Unconstrained build operations Thread 81"        [_thread_blocked, id=40784, stack(0x0000008d41400000,0x0000008d41500000) (1024K)]
  0x000001f34e7a57e0 JavaThread "Unconstrained build operations Thread 82"        [_thread_blocked, id=11556, stack(0x0000008d41500000,0x0000008d41600000) (1024K)]
  0x000001f34e7a6b90 JavaThread "Unconstrained build operations Thread 83"        [_thread_blocked, id=33596, stack(0x0000008d41600000,0x0000008d41700000) (1024K)]
  0x000001f34e7a6500 JavaThread "Unconstrained build operations Thread 84"        [_thread_blocked, id=2328, stack(0x0000008d41700000,0x0000008d41800000) (1024K)]
  0x000001f34e7a5e70 JavaThread "Unconstrained build operations Thread 85"        [_thread_blocked, id=45840, stack(0x0000008d41800000,0x0000008d41900000) (1024K)]
  0x000001f34e7a3da0 JavaThread "Unconstrained build operations Thread 86"        [_thread_blocked, id=38900, stack(0x0000008d41900000,0x0000008d41a00000) (1024K)]
  0x000001f34e7a85d0 JavaThread "Unconstrained build operations Thread 87"        [_thread_blocked, id=42732, stack(0x0000008d41a00000,0x0000008d41b00000) (1024K)]
  0x000001f34e7aa6a0 JavaThread "Unconstrained build operations Thread 88"        [_thread_blocked, id=45672, stack(0x0000008d41b00000,0x0000008d41c00000) (1024K)]
  0x000001f34e7a8c60 JavaThread "Unconstrained build operations Thread 89"        [_thread_blocked, id=40604, stack(0x0000008d41c00000,0x0000008d41d00000) (1024K)]
  0x000001f34e7a78b0 JavaThread "Unconstrained build operations Thread 90"        [_thread_blocked, id=46572, stack(0x0000008d41d00000,0x0000008d41e00000) (1024K)]
  0x000001f34e7a92f0 JavaThread "Unconstrained build operations Thread 91"        [_thread_in_native, id=17116, stack(0x0000008d41e00000,0x0000008d41f00000) (1024K)]
  0x000001f34e7a9980 JavaThread "Unconstrained build operations Thread 92"        [_thread_blocked, id=4252, stack(0x0000008d41f00000,0x0000008d42000000) (1024K)]
  0x000001f34e7aa010 JavaThread "Unconstrained build operations Thread 93"        [_thread_blocked, id=18124, stack(0x0000008d42000000,0x0000008d42100000) (1024K)]
  0x000001f34e7aad30 JavaThread "Unconstrained build operations Thread 94"        [_thread_blocked, id=2144, stack(0x0000008d42100000,0x0000008d42200000) (1024K)]
  0x000001f34e7ab3c0 JavaThread "Unconstrained build operations Thread 95"        [_thread_blocked, id=11112, stack(0x0000008d42200000,0x0000008d42300000) (1024K)]
  0x000001f34e7a7f40 JavaThread "Unconstrained build operations Thread 96"        [_thread_blocked, id=48228, stack(0x0000008d42300000,0x0000008d42400000) (1024K)]
  0x000001f3537c6b50 JavaThread "Unconstrained build operations Thread 97"        [_thread_in_native, id=44920, stack(0x0000008d42400000,0x0000008d42500000) (1024K)]
  0x000001f3537c7870 JavaThread "Unconstrained build operations Thread 98"        [_thread_in_native, id=43616, stack(0x0000008d42500000,0x0000008d42600000) (1024K)]
  0x000001f3537c7f00 JavaThread "Unconstrained build operations Thread 99"        [_thread_blocked, id=48096, stack(0x0000008d42600000,0x0000008d42700000) (1024K)]
  0x000001f3537c57a0 JavaThread "Unconstrained build operations Thread 100"        [_thread_blocked, id=39148, stack(0x0000008d42700000,0x0000008d42800000) (1024K)]
  0x000001f3537c8590 JavaThread "Unconstrained build operations Thread 101"        [_thread_in_native, id=44412, stack(0x0000008d42800000,0x0000008d42900000) (1024K)]
  0x000001f353a41c90 JavaThread "build event listener"              [_thread_blocked, id=42700, stack(0x0000008d42a00000,0x0000008d42b00000) (1024K)]
  0x000001f351afe5d0 JavaThread "Unconstrained build operations Thread 102"        [_thread_blocked, id=42748, stack(0x0000008d37800000,0x0000008d37900000) (1024K)]
  0x000001f351afc500 JavaThread "Unconstrained build operations Thread 103"        [_thread_blocked, id=42996, stack(0x0000008d42900000,0x0000008d42a00000) (1024K)]
  0x000001f351afec60 JavaThread "Unconstrained build operations Thread 104"        [_thread_blocked, id=21388, stack(0x0000008d42b00000,0x0000008d42c00000) (1024K)]
  0x000001f351afcb90 JavaThread "Unconstrained build operations Thread 105"        [_thread_in_native, id=5852, stack(0x0000008d42c00000,0x0000008d42d00000) (1024K)]
  0x000001f351afb7e0 JavaThread "Unconstrained build operations Thread 106"        [_thread_in_native, id=3852, stack(0x0000008d42d00000,0x0000008d42e00000) (1024K)]
  0x000001f351b006a0 JavaThread "Unconstrained build operations Thread 107"        [_thread_in_native, id=19772, stack(0x0000008d42e00000,0x0000008d42f00000) (1024K)]
  0x000001f351b020e0 JavaThread "Unconstrained build operations Thread 108"        [_thread_in_native, id=2024, stack(0x0000008d42f00000,0x0000008d43000000) (1024K)]
  0x000001f351b013c0 JavaThread "Unconstrained build operations Thread 109"        [_thread_blocked, id=16728, stack(0x0000008d43000000,0x0000008d43100000) (1024K)]
  0x000001f351aff980 JavaThread "Unconstrained build operations Thread 110"        [_thread_in_native, id=9876, stack(0x0000008d43100000,0x0000008d43200000) (1024K)]
  0x000001f351b00d30 JavaThread "Unconstrained build operations Thread 111"        [_thread_in_native, id=11676, stack(0x0000008d43200000,0x0000008d43300000) (1024K)]
  0x000001f351b02770 JavaThread "Unconstrained build operations Thread 112"        [_thread_in_native, id=47880, stack(0x0000008d43300000,0x0000008d43400000) (1024K)]
  0x000001f351b01a50 JavaThread "Unconstrained build operations Thread 113"        [_thread_blocked, id=27816, stack(0x0000008d43400000,0x0000008d43500000) (1024K)]
  0x000001f351aff2f0 JavaThread "Unconstrained build operations Thread 114"        [_thread_blocked, id=28388, stack(0x0000008d43500000,0x0000008d43600000) (1024K)]
  0x000001f351b02e00 JavaThread "Unconstrained build operations Thread 115"        [_thread_blocked, id=15552, stack(0x0000008d43600000,0x0000008d43700000) (1024K)]
  0x000001f351b03490 JavaThread "Unconstrained build operations Thread 116"        [_thread_blocked, id=47716, stack(0x0000008d43700000,0x0000008d43800000) (1024K)]
  0x000001f351b00010 JavaThread "Unconstrained build operations Thread 117"        [_thread_blocked, id=42100, stack(0x0000008d43800000,0x0000008d43900000) (1024K)]
  0x000001f351b05bf0 JavaThread "Unconstrained build operations Thread 118"        [_thread_blocked, id=11500, stack(0x0000008d43900000,0x0000008d43a00000) (1024K)]
  0x000001f351b05560 JavaThread "Unconstrained build operations Thread 119"        [_thread_blocked, id=17228, stack(0x0000008d43a00000,0x0000008d43b00000) (1024K)]
  0x000001f351b03b20 JavaThread "Unconstrained build operations Thread 120"        [_thread_blocked, id=7816, stack(0x0000008d43b00000,0x0000008d43c00000) (1024K)]
  0x000001f353a45110 JavaThread "jar transforms"                    [_thread_blocked, id=45480, stack(0x0000008d43c00000,0x0000008d43d00000) (1024K)]
  0x000001f354ca0050 JavaThread "jar transforms Thread 2"           [_thread_blocked, id=44972, stack(0x0000008d43d00000,0x0000008d43e00000) (1024K)]
  0x000001f354c9b190 JavaThread "Problems report writer"            [_thread_blocked, id=14700, stack(0x0000008d43e00000,0x0000008d43f00000) (1024K)]
  0x000001f354c99de0 JavaThread "jar transforms Thread 3"           [_thread_blocked, id=40696, stack(0x0000008d43f00000,0x0000008d44000000) (1024K)]
  0x000001f354c9b820 JavaThread "jar transforms Thread 4"           [_thread_blocked, id=48768, stack(0x0000008d44000000,0x0000008d44100000) (1024K)]
  0x000001f354c9beb0 JavaThread "jar transforms Thread 5"           [_thread_blocked, id=48480, stack(0x0000008d44200000,0x0000008d44300000) (1024K)]
  0x000001f354c99750 JavaThread "jar transforms Thread 6"           [_thread_blocked, id=12824, stack(0x0000008d44300000,0x0000008d44400000) (1024K)]
  0x000001f3537ca660 JavaThread "jar transforms Thread 7"           [_thread_blocked, id=46892, stack(0x0000008d44100000,0x0000008d44200000) (1024K)]
Total: 183

Other Threads:
  0x000001f32d04b7e0 VMThread "VM Thread"                           [id=10484, stack(0x0000008d38200000,0x0000008d38300000) (1024K)]
  0x000001f32d1309d0 WatcherThread "VM Periodic Task Thread"        [id=19620, stack(0x0000008d38100000,0x0000008d38200000) (1024K)]
  0x000001f31a738740 WorkerThread "GC Thread#0"                     [id=41184, stack(0x0000008d37c00000,0x0000008d37d00000) (1024K)]
  0x000001f32d55a370 WorkerThread "GC Thread#1"                     [id=20548, stack(0x0000008d38e00000,0x0000008d38f00000) (1024K)]
  0x000001f32d55a720 WorkerThread "GC Thread#2"                     [id=47428, stack(0x0000008d38f00000,0x0000008d39000000) (1024K)]
  0x000001f32d57d050 WorkerThread "GC Thread#3"                     [id=17364, stack(0x0000008d39000000,0x0000008d39100000) (1024K)]
  0x000001f32d57d400 WorkerThread "GC Thread#4"                     [id=43016, stack(0x0000008d39100000,0x0000008d39200000) (1024K)]
  0x000001f32d57d7b0 WorkerThread "GC Thread#5"                     [id=48744, stack(0x0000008d39200000,0x0000008d39300000) (1024K)]
  0x000001f34dd91d20 WorkerThread "GC Thread#6"                     [id=49100, stack(0x0000008d3a100000,0x0000008d3a200000) (1024K)]
  0x000001f34dd90e60 WorkerThread "GC Thread#7"                     [id=47660, stack(0x0000008d3a200000,0x0000008d3a300000) (1024K)]
  0x000001f34dd90700 WorkerThread "GC Thread#8"                     [id=48568, stack(0x0000008d3a300000,0x0000008d3a400000) (1024K)]
  0x000001f34e588530 WorkerThread "GC Thread#9"                     [id=5908, stack(0x0000008d3a400000,0x0000008d3a500000) (1024K)]
  0x000001f31a74b3d0 ConcurrentGCThread "G1 Main Marker"            [id=48976, stack(0x0000008d37d00000,0x0000008d37e00000) (1024K)]
  0x000001f31a74c490 WorkerThread "G1 Conc#0"                       [id=49116, stack(0x0000008d37e00000,0x0000008d37f00000) (1024K)]
  0x000001f34e589040 WorkerThread "G1 Conc#1"                       [id=8592, stack(0x0000008d3a500000,0x0000008d3a600000) (1024K)]
  0x000001f34e5858f0 WorkerThread "G1 Conc#2"                       [id=36068, stack(0x0000008d3a600000,0x0000008d3a700000) (1024K)]
  0x000001f32cf8db10 ConcurrentGCThread "G1 Refine#0"               [id=7240, stack(0x0000008d37f00000,0x0000008d38000000) (1024K)]
  0x000001f32cf8e4a0 ConcurrentGCThread "G1 Service"                [id=13440, stack(0x0000008d38000000,0x0000008d38100000) (1024K)]
Total: 18

Threads with active compile tasks:
C2 CompilerThread0  38993 15934       4       org.gradle.api.internal.artifacts.transform.TransformWorkspaceIdentity::createNonNormalizedImmutable (53 bytes)
Total: 1

VM state: not at safepoint (normal execution)

VM Mutex/Monitor currently owned by a thread: None

Heap address: 0x0000000080000000, size: 2048 MB, Compressed Oops mode: 32-bit

CDS archive(s) mapped at: [0x000001f32e000000-0x000001f32eba0000-0x000001f32eba0000), size 12189696, SharedBaseAddress: 0x000001f32e000000, ArchiveRelocationMode: 1.
Compressed class space mapped at: 0x000001f32f000000-0x000001f349000000, reserved size: 436207616
Narrow klass base: 0x000001f32e000000, Narrow klass shift: 0, Narrow klass range: 0x100000000

GC Precious Log:
 CardTable entry size: 512
 Card Set container configuration: InlinePtr #cards 5 size 8 Array Of Cards #cards 12 size 40 Howl #buckets 4 coarsen threshold 1843 Howl Bitmap #cards 512 size 80 coarsen threshold 460 Card regions per heap region 1 cards per card region 2048
 CPUs: 12 total, 12 available
 Memory: 16309M
 Large Page Support: Disabled
 NUMA Support: Disabled
 Compressed Oops: Enabled (32-bit)
 Heap Region Size: 1M
 Heap Min Capacity: 8M
 Heap Initial Capacity: 256M
 Heap Max Capacity: 2G
 Pre-touch: Disabled
 Parallel Workers: 10
 Concurrent Workers: 3
 Concurrent Refinement Workers: 10
 Periodic GC: Disabled

Heap:
 garbage-first heap   total 275456K, used 225248K [0x0000000080000000, 0x0000000100000000)
  region size 1024K, 60 young (61440K), 5 survivors (5120K)
 Metaspace       used 111772K, committed 114304K, reserved 557056K
  class space    used 15931K, committed 17152K, reserved 425984K

Heap Regions: E=young(eden), S=young(survivor), O=old, HS=humongous(starts), HC=humongous(continues), CS=collection set, F=free, TAMS=top-at-mark-start, PB=parsable bottom
|   0|0x0000000080000000, 0x0000000080100000, 0x0000000080100000|100%|HS|  |TAMS 0x0000000080000000| PB 0x0000000080000000| Complete 
|   1|0x0000000080100000, 0x0000000080200000, 0x0000000080200000|100%|HC|  |TAMS 0x0000000080100000| PB 0x0000000080100000| Complete 
|   2|0x0000000080200000, 0x0000000080300000, 0x0000000080300000|100%|HC|  |TAMS 0x0000000080200000| PB 0x0000000080200000| Complete 
|   3|0x0000000080300000, 0x0000000080400000, 0x0000000080400000|100%| O|  |TAMS 0x0000000080300000| PB 0x0000000080300000| Untracked 
|   4|0x0000000080400000, 0x0000000080500000, 0x0000000080500000|100%| O|  |TAMS 0x0000000080400000| PB 0x0000000080400000| Untracked 
|   5|0x0000000080500000, 0x0000000080600000, 0x0000000080600000|100%| O|  |TAMS 0x0000000080500000| PB 0x0000000080500000| Untracked 
|   6|0x0000000080600000, 0x0000000080700000, 0x0000000080700000|100%|HS|  |TAMS 0x0000000080600000| PB 0x0000000080600000| Complete 
|   7|0x0000000080700000, 0x0000000080800000, 0x0000000080800000|100%| O|  |TAMS 0x0000000080700000| PB 0x0000000080700000| Untracked 
|   8|0x0000000080800000, 0x0000000080900000, 0x0000000080900000|100%| O|  |TAMS 0x0000000080800000| PB 0x0000000080800000| Untracked 
|   9|0x0000000080900000, 0x0000000080a00000, 0x0000000080a00000|100%| O|  |TAMS 0x0000000080900000| PB 0x0000000080900000| Untracked 
|  10|0x0000000080a00000, 0x0000000080b00000, 0x0000000080b00000|100%| O|  |TAMS 0x0000000080a00000| PB 0x0000000080a00000| Untracked 
|  11|0x0000000080b00000, 0x0000000080c00000, 0x0000000080c00000|100%| O|  |TAMS 0x0000000080b00000| PB 0x0000000080b00000| Untracked 
|  12|0x0000000080c00000, 0x0000000080d00000, 0x0000000080d00000|100%| O|  |TAMS 0x0000000080c00000| PB 0x0000000080c00000| Untracked 
|  13|0x0000000080d00000, 0x0000000080e00000, 0x0000000080e00000|100%| O|  |TAMS 0x0000000080d00000| PB 0x0000000080d00000| Untracked 
|  14|0x0000000080e00000, 0x0000000080f00000, 0x0000000080f00000|100%| O|  |TAMS 0x0000000080e00000| PB 0x0000000080e00000| Untracked 
|  15|0x0000000080f00000, 0x0000000081000000, 0x0000000081000000|100%| O|  |TAMS 0x0000000080f00000| PB 0x0000000080f00000| Untracked 
|  16|0x0000000081000000, 0x0000000081100000, 0x0000000081100000|100%| O|  |TAMS 0x0000000081000000| PB 0x0000000081000000| Untracked 
|  17|0x0000000081100000, 0x0000000081200000, 0x0000000081200000|100%| O|  |TAMS 0x0000000081100000| PB 0x0000000081100000| Untracked 
|  18|0x0000000081200000, 0x0000000081300000, 0x0000000081300000|100%| O|  |TAMS 0x0000000081200000| PB 0x0000000081200000| Untracked 
|  19|0x0000000081300000, 0x0000000081400000, 0x0000000081400000|100%| O|  |TAMS 0x0000000081300000| PB 0x0000000081300000| Untracked 
|  20|0x0000000081400000, 0x0000000081500000, 0x0000000081500000|100%| O|  |TAMS 0x0000000081400000| PB 0x0000000081400000| Untracked 
|  21|0x0000000081500000, 0x0000000081600000, 0x0000000081600000|100%| O|  |TAMS 0x0000000081500000| PB 0x0000000081500000| Untracked 
|  22|0x0000000081600000, 0x0000000081700000, 0x0000000081700000|100%| O|  |TAMS 0x0000000081600000| PB 0x0000000081600000| Untracked 
|  23|0x0000000081700000, 0x0000000081800000, 0x0000000081800000|100%| O|  |TAMS 0x0000000081700000| PB 0x0000000081700000| Untracked 
|  24|0x0000000081800000, 0x0000000081900000, 0x0000000081900000|100%| O|  |TAMS 0x0000000081800000| PB 0x0000000081800000| Untracked 
|  25|0x0000000081900000, 0x0000000081a00000, 0x0000000081a00000|100%| O|  |TAMS 0x0000000081900000| PB 0x0000000081900000| Untracked 
|  26|0x0000000081a00000, 0x0000000081b00000, 0x0000000081b00000|100%| O|  |TAMS 0x0000000081a00000| PB 0x0000000081a00000| Untracked 
|  27|0x0000000081b00000, 0x0000000081c00000, 0x0000000081c00000|100%| O|  |TAMS 0x0000000081b00000| PB 0x0000000081b00000| Untracked 
|  28|0x0000000081c00000, 0x0000000081d00000, 0x0000000081d00000|100%| O|  |TAMS 0x0000000081c00000| PB 0x0000000081c00000| Untracked 
|  29|0x0000000081d00000, 0x0000000081e00000, 0x0000000081e00000|100%| O|  |TAMS 0x0000000081d00000| PB 0x0000000081d00000| Untracked 
|  30|0x0000000081e00000, 0x0000000081f00000, 0x0000000081f00000|100%| O|  |TAMS 0x0000000081e00000| PB 0x0000000081e00000| Untracked 
|  31|0x0000000081f00000, 0x0000000082000000, 0x0000000082000000|100%| O|  |TAMS 0x0000000081f00000| PB 0x0000000081f00000| Untracked 
|  32|0x0000000082000000, 0x0000000082100000, 0x0000000082100000|100%| O|  |TAMS 0x0000000082000000| PB 0x0000000082000000| Untracked 
|  33|0x0000000082100000, 0x0000000082200000, 0x0000000082200000|100%| O|  |TAMS 0x0000000082100000| PB 0x0000000082100000| Untracked 
|  34|0x0000000082200000, 0x0000000082300000, 0x0000000082300000|100%| O|  |TAMS 0x0000000082200000| PB 0x0000000082200000| Untracked 
|  35|0x0000000082300000, 0x0000000082400000, 0x0000000082400000|100%| O|  |TAMS 0x0000000082300000| PB 0x0000000082300000| Untracked 
|  36|0x0000000082400000, 0x0000000082500000, 0x0000000082500000|100%| O|  |TAMS 0x0000000082400000| PB 0x0000000082400000| Untracked 
|  37|0x0000000082500000, 0x0000000082600000, 0x0000000082600000|100%| O|  |TAMS 0x0000000082500000| PB 0x0000000082500000| Untracked 
|  38|0x0000000082600000, 0x0000000082700000, 0x0000000082700000|100%| O|  |TAMS 0x0000000082600000| PB 0x0000000082600000| Untracked 
|  39|0x0000000082700000, 0x0000000082800000, 0x0000000082800000|100%| O|  |TAMS 0x0000000082700000| PB 0x0000000082700000| Untracked 
|  40|0x0000000082800000, 0x0000000082900000, 0x0000000082900000|100%| O|  |TAMS 0x0000000082800000| PB 0x0000000082800000| Untracked 
|  41|0x0000000082900000, 0x0000000082a00000, 0x0000000082a00000|100%| O|  |TAMS 0x0000000082900000| PB 0x0000000082900000| Untracked 
|  42|0x0000000082a00000, 0x0000000082b00000, 0x0000000082b00000|100%| O|  |TAMS 0x0000000082a00000| PB 0x0000000082a00000| Untracked 
|  43|0x0000000082b00000, 0x0000000082c00000, 0x0000000082c00000|100%| O|Cm|TAMS 0x0000000082b00000| PB 0x0000000082b00000| Complete 
|  44|0x0000000082c00000, 0x0000000082d00000, 0x0000000082d00000|100%|HS|  |TAMS 0x0000000082c00000| PB 0x0000000082c00000| Complete 
|  45|0x0000000082d00000, 0x0000000082e00000, 0x0000000082e00000|100%| O|  |TAMS 0x0000000082d00000| PB 0x0000000082d00000| Untracked 
|  46|0x0000000082e00000, 0x0000000082f00000, 0x0000000082f00000|100%| O|  |TAMS 0x0000000082e00000| PB 0x0000000082e00000| Untracked 
|  47|0x0000000082f00000, 0x0000000083000000, 0x0000000083000000|100%|HS|  |TAMS 0x0000000082f00000| PB 0x0000000082f00000| Complete 
|  48|0x0000000083000000, 0x0000000083100000, 0x0000000083100000|100%|HC|  |TAMS 0x0000000083000000| PB 0x0000000083000000| Complete 
|  49|0x0000000083100000, 0x0000000083200000, 0x0000000083200000|100%|HS|  |TAMS 0x0000000083100000| PB 0x0000000083100000| Complete 
|  50|0x0000000083200000, 0x0000000083300000, 0x0000000083300000|100%|HC|  |TAMS 0x0000000083200000| PB 0x0000000083200000| Complete 
|  51|0x0000000083300000, 0x0000000083400000, 0x0000000083400000|100%|HS|  |TAMS 0x0000000083300000| PB 0x0000000083300000| Complete 
|  52|0x0000000083400000, 0x0000000083500000, 0x0000000083500000|100%|HC|  |TAMS 0x0000000083400000| PB 0x0000000083400000| Complete 
|  53|0x0000000083500000, 0x0000000083600000, 0x0000000083600000|100%|HC|  |TAMS 0x0000000083500000| PB 0x0000000083500000| Complete 
|  54|0x0000000083600000, 0x0000000083700000, 0x0000000083700000|100%|HS|  |TAMS 0x0000000083600000| PB 0x0000000083600000| Complete 
|  55|0x0000000083700000, 0x0000000083800000, 0x0000000083800000|100%|HC|  |TAMS 0x0000000083700000| PB 0x0000000083700000| Complete 
|  56|0x0000000083800000, 0x0000000083900000, 0x0000000083900000|100%|HC|  |TAMS 0x0000000083800000| PB 0x0000000083800000| Complete 
|  57|0x0000000083900000, 0x0000000083a00000, 0x0000000083a00000|100%| O|  |TAMS 0x0000000083900000| PB 0x0000000083900000| Untracked 
|  58|0x0000000083a00000, 0x0000000083b00000, 0x0000000083b00000|100%| O|  |TAMS 0x0000000083a00000| PB 0x0000000083a00000| Untracked 
|  59|0x0000000083b00000, 0x0000000083c00000, 0x0000000083c00000|100%| O|  |TAMS 0x0000000083b00000| PB 0x0000000083b00000| Untracked 
|  60|0x0000000083c00000, 0x0000000083d00000, 0x0000000083d00000|100%| O|  |TAMS 0x0000000083c00000| PB 0x0000000083c00000| Untracked 
|  61|0x0000000083d00000, 0x0000000083e00000, 0x0000000083e00000|100%| O|  |TAMS 0x0000000083d00000| PB 0x0000000083d00000| Untracked 
|  62|0x0000000083e00000, 0x0000000083f00000, 0x0000000083f00000|100%| O|  |TAMS 0x0000000083e00000| PB 0x0000000083e00000| Untracked 
|  63|0x0000000083f00000, 0x0000000084000000, 0x0000000084000000|100%| O|  |TAMS 0x0000000083f00000| PB 0x0000000083f00000| Untracked 
|  64|0x0000000084000000, 0x0000000084100000, 0x0000000084100000|100%| O|  |TAMS 0x0000000084000000| PB 0x0000000084000000| Untracked 
|  65|0x0000000084100000, 0x0000000084200000, 0x0000000084200000|100%| O|  |TAMS 0x0000000084100000| PB 0x0000000084100000| Untracked 
|  66|0x0000000084200000, 0x0000000084300000, 0x0000000084300000|100%|HS|  |TAMS 0x0000000084200000| PB 0x0000000084200000| Complete 
|  67|0x0000000084300000, 0x0000000084400000, 0x0000000084400000|100%| O|  |TAMS 0x0000000084300000| PB 0x0000000084300000| Untracked 
|  68|0x0000000084400000, 0x0000000084500000, 0x0000000084500000|100%| O|  |TAMS 0x0000000084400000| PB 0x0000000084400000| Untracked 
|  69|0x0000000084500000, 0x0000000084600000, 0x0000000084600000|100%| O|  |TAMS 0x0000000084500000| PB 0x0000000084500000| Untracked 
|  70|0x0000000084600000, 0x0000000084700000, 0x0000000084700000|100%| O|  |TAMS 0x0000000084600000| PB 0x0000000084600000| Untracked 
|  71|0x0000000084700000, 0x0000000084800000, 0x0000000084800000|100%| O|  |TAMS 0x0000000084700000| PB 0x0000000084700000| Untracked 
|  72|0x0000000084800000, 0x0000000084900000, 0x0000000084900000|100%| O|  |TAMS 0x0000000084800000| PB 0x0000000084800000| Untracked 
|  73|0x0000000084900000, 0x0000000084a00000, 0x0000000084a00000|100%| O|  |TAMS 0x0000000084900000| PB 0x0000000084900000| Untracked 
|  74|0x0000000084a00000, 0x0000000084b00000, 0x0000000084b00000|100%| O|  |TAMS 0x0000000084a00000| PB 0x0000000084a00000| Untracked 
|  75|0x0000000084b00000, 0x0000000084c00000, 0x0000000084c00000|100%| O|  |TAMS 0x0000000084b00000| PB 0x0000000084b00000| Untracked 
|  76|0x0000000084c00000, 0x0000000084d00000, 0x0000000084d00000|100%| O|  |TAMS 0x0000000084c00000| PB 0x0000000084c00000| Untracked 
|  77|0x0000000084d00000, 0x0000000084e00000, 0x0000000084e00000|100%| O|  |TAMS 0x0000000084d00000| PB 0x0000000084d00000| Untracked 
|  78|0x0000000084e00000, 0x0000000084f00000, 0x0000000084f00000|100%| O|  |TAMS 0x0000000084e00000| PB 0x0000000084e00000| Untracked 
|  79|0x0000000084f00000, 0x0000000085000000, 0x0000000085000000|100%|HS|  |TAMS 0x0000000084f00000| PB 0x0000000084f00000| Complete 
|  80|0x0000000085000000, 0x0000000085100000, 0x0000000085100000|100%|HS|  |TAMS 0x0000000085000000| PB 0x0000000085000000| Complete 
|  81|0x0000000085100000, 0x0000000085200000, 0x0000000085200000|100%|HS|  |TAMS 0x0000000085100000| PB 0x0000000085100000| Complete 
|  82|0x0000000085200000, 0x0000000085300000, 0x0000000085300000|100%|HC|  |TAMS 0x0000000085200000| PB 0x0000000085200000| Complete 
|  83|0x0000000085300000, 0x0000000085400000, 0x0000000085400000|100%|HS|  |TAMS 0x0000000085300000| PB 0x0000000085300000| Complete 
|  84|0x0000000085400000, 0x0000000085500000, 0x0000000085500000|100%|HS|  |TAMS 0x0000000085400000| PB 0x0000000085400000| Complete 
|  85|0x0000000085500000, 0x0000000085600000, 0x0000000085600000|100%| O|  |TAMS 0x0000000085500000| PB 0x0000000085500000| Untracked 
|  86|0x0000000085600000, 0x0000000085700000, 0x0000000085700000|100%|HS|  |TAMS 0x0000000085600000| PB 0x0000000085600000| Complete 
|  87|0x0000000085700000, 0x0000000085800000, 0x0000000085800000|100%|HC|  |TAMS 0x0000000085700000| PB 0x0000000085700000| Complete 
|  88|0x0000000085800000, 0x0000000085900000, 0x0000000085900000|100%| O|  |TAMS 0x0000000085800000| PB 0x0000000085800000| Untracked 
|  89|0x0000000085900000, 0x0000000085a00000, 0x0000000085a00000|100%| O|  |TAMS 0x0000000085900000| PB 0x0000000085900000| Untracked 
|  90|0x0000000085a00000, 0x0000000085b00000, 0x0000000085b00000|100%| O|  |TAMS 0x0000000085a00000| PB 0x0000000085a00000| Untracked 
|  91|0x0000000085b00000, 0x0000000085c00000, 0x0000000085c00000|100%| O|  |TAMS 0x0000000085b00000| PB 0x0000000085b00000| Untracked 
|  92|0x0000000085c00000, 0x0000000085d00000, 0x0000000085d00000|100%| O|  |TAMS 0x0000000085c00000| PB 0x0000000085c00000| Untracked 
|  93|0x0000000085d00000, 0x0000000085e00000, 0x0000000085e00000|100%| O|  |TAMS 0x0000000085d00000| PB 0x0000000085d00000| Untracked 
|  94|0x0000000085e00000, 0x0000000085f00000, 0x0000000085f00000|100%| O|  |TAMS 0x0000000085e00000| PB 0x0000000085e00000| Untracked 
|  95|0x0000000085f00000, 0x0000000086000000, 0x0000000086000000|100%| O|  |TAMS 0x0000000085f00000| PB 0x0000000085f00000| Untracked 
|  96|0x0000000086000000, 0x0000000086100000, 0x0000000086100000|100%|HS|  |TAMS 0x0000000086000000| PB 0x0000000086000000| Complete 
|  97|0x0000000086100000, 0x0000000086200000, 0x0000000086200000|100%| O|  |TAMS 0x0000000086100000| PB 0x0000000086100000| Untracked 
|  98|0x0000000086200000, 0x0000000086300000, 0x0000000086300000|100%| O|  |TAMS 0x0000000086200000| PB 0x0000000086200000| Untracked 
|  99|0x0000000086300000, 0x0000000086400000, 0x0000000086400000|100%| O|  |TAMS 0x0000000086300000| PB 0x0000000086300000| Untracked 
| 100|0x0000000086400000, 0x0000000086500000, 0x0000000086500000|100%| O|  |TAMS 0x0000000086400000| PB 0x0000000086400000| Untracked 
| 101|0x0000000086500000, 0x0000000086600000, 0x0000000086600000|100%| O|  |TAMS 0x0000000086500000| PB 0x0000000086500000| Untracked 
| 102|0x0000000086600000, 0x0000000086700000, 0x0000000086700000|100%| O|  |TAMS 0x0000000086600000| PB 0x0000000086600000| Untracked 
| 103|0x0000000086700000, 0x0000000086800000, 0x0000000086800000|100%| O|  |TAMS 0x0000000086700000| PB 0x0000000086700000| Untracked 
| 104|0x0000000086800000, 0x0000000086900000, 0x0000000086900000|100%| O|  |TAMS 0x0000000086800000| PB 0x0000000086800000| Untracked 
| 105|0x0000000086900000, 0x0000000086a00000, 0x0000000086a00000|100%| O|  |TAMS 0x0000000086900000| PB 0x0000000086900000| Untracked 
| 106|0x0000000086a00000, 0x0000000086b00000, 0x0000000086b00000|100%| O|  |TAMS 0x0000000086a00000| PB 0x0000000086a00000| Untracked 
| 107|0x0000000086b00000, 0x0000000086c00000, 0x0000000086c00000|100%| O|  |TAMS 0x0000000086b00000| PB 0x0000000086b00000| Untracked 
| 108|0x0000000086c00000, 0x0000000086d00000, 0x0000000086d00000|100%| O|  |TAMS 0x0000000086c00000| PB 0x0000000086c00000| Untracked 
| 109|0x0000000086d00000, 0x0000000086e00000, 0x0000000086e00000|100%| O|  |TAMS 0x0000000086d00000| PB 0x0000000086d00000| Untracked 
| 110|0x0000000086e00000, 0x0000000086f00000, 0x0000000086f00000|100%| O|  |TAMS 0x0000000086e00000| PB 0x0000000086e00000| Untracked 
| 111|0x0000000086f00000, 0x0000000087000000, 0x0000000087000000|100%| O|  |TAMS 0x0000000086f00000| PB 0x0000000086f00000| Untracked 
| 112|0x0000000087000000, 0x0000000087100000, 0x0000000087100000|100%| O|  |TAMS 0x0000000087000000| PB 0x0000000087000000| Untracked 
| 113|0x0000000087100000, 0x0000000087200000, 0x0000000087200000|100%|HS|  |TAMS 0x0000000087100000| PB 0x0000000087100000| Complete 
| 114|0x0000000087200000, 0x0000000087300000, 0x0000000087300000|100%|HS|  |TAMS 0x0000000087200000| PB 0x0000000087200000| Complete 
| 115|0x0000000087300000, 0x0000000087400000, 0x0000000087400000|100%| O|  |TAMS 0x0000000087300000| PB 0x0000000087300000| Untracked 
| 116|0x0000000087400000, 0x0000000087500000, 0x0000000087500000|100%| O|  |TAMS 0x0000000087400000| PB 0x0000000087400000| Untracked 
| 117|0x0000000087500000, 0x0000000087600000, 0x0000000087600000|100%| O|  |TAMS 0x0000000087500000| PB 0x0000000087500000| Untracked 
| 118|0x0000000087600000, 0x0000000087700000, 0x0000000087700000|100%| O|Cm|TAMS 0x0000000087600000| PB 0x0000000087600000| Complete 
| 119|0x0000000087700000, 0x0000000087800000, 0x0000000087800000|100%| O|  |TAMS 0x0000000087700000| PB 0x0000000087700000| Untracked 
| 120|0x0000000087800000, 0x0000000087900000, 0x0000000087900000|100%| O|  |TAMS 0x0000000087800000| PB 0x0000000087800000| Untracked 
| 121|0x0000000087900000, 0x0000000087a00000, 0x0000000087a00000|100%| O|  |TAMS 0x0000000087900000| PB 0x0000000087900000| Untracked 
| 122|0x0000000087a00000, 0x0000000087b00000, 0x0000000087b00000|100%| O|  |TAMS 0x0000000087a00000| PB 0x0000000087a00000| Untracked 
| 123|0x0000000087b00000, 0x0000000087c00000, 0x0000000087c00000|100%| O|  |TAMS 0x0000000087b00000| PB 0x0000000087b00000| Untracked 
| 124|0x0000000087c00000, 0x0000000087d00000, 0x0000000087d00000|100%|HS|  |TAMS 0x0000000087c00000| PB 0x0000000087c00000| Complete 
| 125|0x0000000087d00000, 0x0000000087e00000, 0x0000000087e00000|100%| O|  |TAMS 0x0000000087d00000| PB 0x0000000087d00000| Untracked 
| 126|0x0000000087e00000, 0x0000000087f00000, 0x0000000087f00000|100%| O|  |TAMS 0x0000000087e00000| PB 0x0000000087e00000| Untracked 
| 127|0x0000000087f00000, 0x0000000088000000, 0x0000000088000000|100%|HS|  |TAMS 0x0000000087f00000| PB 0x0000000087f00000| Complete 
| 128|0x0000000088000000, 0x0000000088100000, 0x0000000088100000|100%| O|  |TAMS 0x0000000088000000| PB 0x0000000088000000| Untracked 
| 129|0x0000000088100000, 0x0000000088200000, 0x0000000088200000|100%| O|  |TAMS 0x0000000088100000| PB 0x0000000088100000| Untracked 
| 130|0x0000000088200000, 0x0000000088300000, 0x0000000088300000|100%| O|  |TAMS 0x0000000088200000| PB 0x0000000088200000| Untracked 
| 131|0x0000000088300000, 0x0000000088400000, 0x0000000088400000|100%| O|  |TAMS 0x0000000088300000| PB 0x0000000088300000| Untracked 
| 132|0x0000000088400000, 0x0000000088500000, 0x0000000088500000|100%| O|  |TAMS 0x0000000088400000| PB 0x0000000088400000| Untracked 
| 133|0x0000000088500000, 0x0000000088600000, 0x0000000088600000|100%| O|  |TAMS 0x0000000088500000| PB 0x0000000088500000| Untracked 
| 134|0x0000000088600000, 0x0000000088700000, 0x0000000088700000|100%| O|Cm|TAMS 0x0000000088600000| PB 0x0000000088600000| Complete 
| 135|0x0000000088700000, 0x0000000088800000, 0x0000000088800000|100%| O|  |TAMS 0x0000000088700000| PB 0x0000000088700000| Untracked 
| 136|0x0000000088800000, 0x0000000088900000, 0x0000000088900000|100%| O|  |TAMS 0x0000000088800000| PB 0x0000000088800000| Untracked 
| 137|0x0000000088900000, 0x0000000088a00000, 0x0000000088a00000|100%| O|  |TAMS 0x0000000088900000| PB 0x0000000088900000| Untracked 
| 138|0x0000000088a00000, 0x0000000088b00000, 0x0000000088b00000|100%| O|  |TAMS 0x0000000088a00000| PB 0x0000000088a00000| Untracked 
| 139|0x0000000088b00000, 0x0000000088c00000, 0x0000000088c00000|100%| O|  |TAMS 0x0000000088b00000| PB 0x0000000088b00000| Untracked 
| 140|0x0000000088c00000, 0x0000000088d00000, 0x0000000088d00000|100%| O|  |TAMS 0x0000000088c00000| PB 0x0000000088c00000| Untracked 
| 141|0x0000000088d00000, 0x0000000088df83d8, 0x0000000088e00000| 96%| O|  |TAMS 0x0000000088d00000| PB 0x0000000088d00000| Untracked 
| 142|0x0000000088e00000, 0x0000000088f00000, 0x0000000088f00000|100%|HS|  |TAMS 0x0000000088e00000| PB 0x0000000088e00000| Complete 
| 143|0x0000000088f00000, 0x0000000089000000, 0x0000000089000000|100%|HC|  |TAMS 0x0000000088f00000| PB 0x0000000088f00000| Complete 
| 144|0x0000000089000000, 0x0000000089100000, 0x0000000089100000|100%|HS|  |TAMS 0x0000000089000000| PB 0x0000000089000000| Complete 
| 145|0x0000000089100000, 0x0000000089200000, 0x0000000089200000|100%| O|  |TAMS 0x0000000089100000| PB 0x0000000089100000| Untracked 
| 146|0x0000000089200000, 0x0000000089300000, 0x0000000089300000|100%| O|  |TAMS 0x0000000089200000| PB 0x0000000089200000| Untracked 
| 147|0x0000000089300000, 0x0000000089400000, 0x0000000089400000|100%| O|  |TAMS 0x0000000089300000| PB 0x0000000089300000| Untracked 
| 148|0x0000000089400000, 0x0000000089500000, 0x0000000089500000|100%| O|  |TAMS 0x0000000089400000| PB 0x0000000089400000| Untracked 
| 149|0x0000000089500000, 0x0000000089600000, 0x0000000089600000|100%| O|  |TAMS 0x0000000089500000| PB 0x0000000089500000| Untracked 
| 150|0x0000000089600000, 0x0000000089600000, 0x0000000089700000|  0%| F|  |TAMS 0x0000000089600000| PB 0x0000000089600000| Untracked 
| 151|0x0000000089700000, 0x0000000089700000, 0x0000000089800000|  0%| F|  |TAMS 0x0000000089700000| PB 0x0000000089700000| Untracked 
| 152|0x0000000089800000, 0x0000000089800000, 0x0000000089900000|  0%| F|  |TAMS 0x0000000089800000| PB 0x0000000089800000| Untracked 
| 153|0x0000000089900000, 0x0000000089900000, 0x0000000089a00000|  0%| F|  |TAMS 0x0000000089900000| PB 0x0000000089900000| Untracked 
| 154|0x0000000089a00000, 0x0000000089a00000, 0x0000000089b00000|  0%| F|  |TAMS 0x0000000089a00000| PB 0x0000000089a00000| Untracked 
| 155|0x0000000089b00000, 0x0000000089b00000, 0x0000000089c00000|  0%| F|  |TAMS 0x0000000089b00000| PB 0x0000000089b00000| Untracked 
| 156|0x0000000089c00000, 0x0000000089c00000, 0x0000000089d00000|  0%| F|  |TAMS 0x0000000089c00000| PB 0x0000000089c00000| Untracked 
| 157|0x0000000089d00000, 0x0000000089d00000, 0x0000000089e00000|  0%| F|  |TAMS 0x0000000089d00000| PB 0x0000000089d00000| Untracked 
| 158|0x0000000089e00000, 0x0000000089e00000, 0x0000000089f00000|  0%| F|  |TAMS 0x0000000089e00000| PB 0x0000000089e00000| Untracked 
| 159|0x0000000089f00000, 0x0000000089f00000, 0x000000008a000000|  0%| F|  |TAMS 0x0000000089f00000| PB 0x0000000089f00000| Untracked 
| 160|0x000000008a000000, 0x000000008a000000, 0x000000008a100000|  0%| F|  |TAMS 0x000000008a000000| PB 0x000000008a000000| Untracked 
| 161|0x000000008a100000, 0x000000008a100000, 0x000000008a200000|  0%| F|  |TAMS 0x000000008a100000| PB 0x000000008a100000| Untracked 
| 162|0x000000008a200000, 0x000000008a200000, 0x000000008a300000|  0%| F|  |TAMS 0x000000008a200000| PB 0x000000008a200000| Untracked 
| 163|0x000000008a300000, 0x000000008a300000, 0x000000008a400000|  0%| F|  |TAMS 0x000000008a300000| PB 0x000000008a300000| Untracked 
| 164|0x000000008a400000, 0x000000008a400000, 0x000000008a500000|  0%| F|  |TAMS 0x000000008a400000| PB 0x000000008a400000| Untracked 
| 165|0x000000008a500000, 0x000000008a500000, 0x000000008a600000|  0%| F|  |TAMS 0x000000008a500000| PB 0x000000008a500000| Untracked 
| 166|0x000000008a600000, 0x000000008a600000, 0x000000008a700000|  0%| F|  |TAMS 0x000000008a600000| PB 0x000000008a600000| Untracked 
| 167|0x000000008a700000, 0x000000008a700000, 0x000000008a800000|  0%| F|  |TAMS 0x000000008a700000| PB 0x000000008a700000| Untracked 
| 168|0x000000008a800000, 0x000000008a800000, 0x000000008a900000|  0%| F|  |TAMS 0x000000008a800000| PB 0x000000008a800000| Untracked 
| 169|0x000000008a900000, 0x000000008a900000, 0x000000008aa00000|  0%| F|  |TAMS 0x000000008a900000| PB 0x000000008a900000| Untracked 
| 170|0x000000008aa00000, 0x000000008aa00000, 0x000000008ab00000|  0%| F|  |TAMS 0x000000008aa00000| PB 0x000000008aa00000| Untracked 
| 171|0x000000008ab00000, 0x000000008ab00000, 0x000000008ac00000|  0%| F|  |TAMS 0x000000008ab00000| PB 0x000000008ab00000| Untracked 
| 172|0x000000008ac00000, 0x000000008ac00000, 0x000000008ad00000|  0%| F|  |TAMS 0x000000008ac00000| PB 0x000000008ac00000| Untracked 
| 173|0x000000008ad00000, 0x000000008ad00000, 0x000000008ae00000|  0%| F|  |TAMS 0x000000008ad00000| PB 0x000000008ad00000| Untracked 
| 174|0x000000008ae00000, 0x000000008ae00000, 0x000000008af00000|  0%| F|  |TAMS 0x000000008ae00000| PB 0x000000008ae00000| Untracked 
| 175|0x000000008af00000, 0x000000008af00000, 0x000000008b000000|  0%| F|  |TAMS 0x000000008af00000| PB 0x000000008af00000| Untracked 
| 176|0x000000008b000000, 0x000000008b000000, 0x000000008b100000|  0%| F|  |TAMS 0x000000008b000000| PB 0x000000008b000000| Untracked 
| 177|0x000000008b100000, 0x000000008b100000, 0x000000008b200000|  0%| F|  |TAMS 0x000000008b100000| PB 0x000000008b100000| Untracked 
| 178|0x000000008b200000, 0x000000008b200000, 0x000000008b300000|  0%| F|  |TAMS 0x000000008b200000| PB 0x000000008b200000| Untracked 
| 179|0x000000008b300000, 0x000000008b300000, 0x000000008b400000|  0%| F|  |TAMS 0x000000008b300000| PB 0x000000008b300000| Untracked 
| 180|0x000000008b400000, 0x000000008b400000, 0x000000008b500000|  0%| F|  |TAMS 0x000000008b400000| PB 0x000000008b400000| Untracked 
| 181|0x000000008b500000, 0x000000008b500000, 0x000000008b600000|  0%| F|  |TAMS 0x000000008b500000| PB 0x000000008b500000| Untracked 
| 182|0x000000008b600000, 0x000000008b600000, 0x000000008b700000|  0%| F|  |TAMS 0x000000008b600000| PB 0x000000008b600000| Untracked 
| 183|0x000000008b700000, 0x000000008b700000, 0x000000008b800000|  0%| F|  |TAMS 0x000000008b700000| PB 0x000000008b700000| Untracked 
| 184|0x000000008b800000, 0x000000008b800000, 0x000000008b900000|  0%| F|  |TAMS 0x000000008b800000| PB 0x000000008b800000| Untracked 
| 185|0x000000008b900000, 0x000000008b900000, 0x000000008ba00000|  0%| F|  |TAMS 0x000000008b900000| PB 0x000000008b900000| Untracked 
| 186|0x000000008ba00000, 0x000000008ba00000, 0x000000008bb00000|  0%| F|  |TAMS 0x000000008ba00000| PB 0x000000008ba00000| Untracked 
| 187|0x000000008bb00000, 0x000000008bb00000, 0x000000008bc00000|  0%| F|  |TAMS 0x000000008bb00000| PB 0x000000008bb00000| Untracked 
| 188|0x000000008bc00000, 0x000000008bc00000, 0x000000008bd00000|  0%| F|  |TAMS 0x000000008bc00000| PB 0x000000008bc00000| Untracked 
| 189|0x000000008bd00000, 0x000000008bd00000, 0x000000008be00000|  0%| F|  |TAMS 0x000000008bd00000| PB 0x000000008bd00000| Untracked 
| 190|0x000000008be00000, 0x000000008be00000, 0x000000008bf00000|  0%| F|  |TAMS 0x000000008be00000| PB 0x000000008be00000| Untracked 
| 191|0x000000008bf00000, 0x000000008bf00000, 0x000000008c000000|  0%| F|  |TAMS 0x000000008bf00000| PB 0x000000008bf00000| Untracked 
| 192|0x000000008c000000, 0x000000008c000000, 0x000000008c100000|  0%| F|  |TAMS 0x000000008c000000| PB 0x000000008c000000| Untracked 
| 193|0x000000008c100000, 0x000000008c100000, 0x000000008c200000|  0%| F|  |TAMS 0x000000008c100000| PB 0x000000008c100000| Untracked 
| 194|0x000000008c200000, 0x000000008c200000, 0x000000008c300000|  0%| F|  |TAMS 0x000000008c200000| PB 0x000000008c200000| Untracked 
| 195|0x000000008c300000, 0x000000008c300000, 0x000000008c400000|  0%| F|  |TAMS 0x000000008c300000| PB 0x000000008c300000| Untracked 
| 196|0x000000008c400000, 0x000000008c500000, 0x000000008c500000|100%| S|CS|TAMS 0x000000008c400000| PB 0x000000008c400000| Complete 
| 197|0x000000008c500000, 0x000000008c600000, 0x000000008c600000|100%| S|CS|TAMS 0x000000008c500000| PB 0x000000008c500000| Complete 
| 198|0x000000008c600000, 0x000000008c700000, 0x000000008c700000|100%| S|CS|TAMS 0x000000008c600000| PB 0x000000008c600000| Complete 
| 199|0x000000008c700000, 0x000000008c800000, 0x000000008c800000|100%| S|CS|TAMS 0x000000008c700000| PB 0x000000008c700000| Complete 
| 200|0x000000008c800000, 0x000000008c900000, 0x000000008c900000|100%| S|CS|TAMS 0x000000008c800000| PB 0x000000008c800000| Complete 
| 201|0x000000008c900000, 0x000000008c900000, 0x000000008ca00000|  0%| F|  |TAMS 0x000000008c900000| PB 0x000000008c900000| Untracked 
| 202|0x000000008ca00000, 0x000000008ca21a68, 0x000000008cb00000| 13%| E|  |TAMS 0x000000008ca00000| PB 0x000000008ca00000| Complete 
| 203|0x000000008cb00000, 0x000000008cc00000, 0x000000008cc00000|100%| E|  |TAMS 0x000000008cb00000| PB 0x000000008cb00000| Complete 
| 204|0x000000008cc00000, 0x000000008cd00000, 0x000000008cd00000|100%| E|CS|TAMS 0x000000008cc00000| PB 0x000000008cc00000| Complete 
| 205|0x000000008cd00000, 0x000000008ce00000, 0x000000008ce00000|100%| E|CS|TAMS 0x000000008cd00000| PB 0x000000008cd00000| Complete 
| 206|0x000000008ce00000, 0x000000008cf00000, 0x000000008cf00000|100%| E|CS|TAMS 0x000000008ce00000| PB 0x000000008ce00000| Complete 
| 207|0x000000008cf00000, 0x000000008d000000, 0x000000008d000000|100%| E|CS|TAMS 0x000000008cf00000| PB 0x000000008cf00000| Complete 
| 208|0x000000008d000000, 0x000000008d100000, 0x000000008d100000|100%| E|CS|TAMS 0x000000008d000000| PB 0x000000008d000000| Complete 
| 209|0x000000008d100000, 0x000000008d200000, 0x000000008d200000|100%| E|CS|TAMS 0x000000008d100000| PB 0x000000008d100000| Complete 
| 210|0x000000008d200000, 0x000000008d300000, 0x000000008d300000|100%| E|CS|TAMS 0x000000008d200000| PB 0x000000008d200000| Complete 
| 211|0x000000008d300000, 0x000000008d400000, 0x000000008d400000|100%| E|CS|TAMS 0x000000008d300000| PB 0x000000008d300000| Complete 
| 212|0x000000008d400000, 0x000000008d500000, 0x000000008d500000|100%| E|CS|TAMS 0x000000008d400000| PB 0x000000008d400000| Complete 
| 213|0x000000008d500000, 0x000000008d600000, 0x000000008d600000|100%| E|CS|TAMS 0x000000008d500000| PB 0x000000008d500000| Complete 
| 214|0x000000008d600000, 0x000000008d700000, 0x000000008d700000|100%| E|CS|TAMS 0x000000008d600000| PB 0x000000008d600000| Complete 
| 215|0x000000008d700000, 0x000000008d800000, 0x000000008d800000|100%| E|CS|TAMS 0x000000008d700000| PB 0x000000008d700000| Complete 
| 216|0x000000008d800000, 0x000000008d900000, 0x000000008d900000|100%| E|CS|TAMS 0x000000008d800000| PB 0x000000008d800000| Complete 
| 217|0x000000008d900000, 0x000000008da00000, 0x000000008da00000|100%| E|CS|TAMS 0x000000008d900000| PB 0x000000008d900000| Complete 
| 218|0x000000008da00000, 0x000000008db00000, 0x000000008db00000|100%| E|CS|TAMS 0x000000008da00000| PB 0x000000008da00000| Complete 
| 219|0x000000008db00000, 0x000000008dc00000, 0x000000008dc00000|100%| E|CS|TAMS 0x000000008db00000| PB 0x000000008db00000| Complete 
| 220|0x000000008dc00000, 0x000000008dd00000, 0x000000008dd00000|100%| E|CS|TAMS 0x000000008dc00000| PB 0x000000008dc00000| Complete 
| 221|0x000000008dd00000, 0x000000008de00000, 0x000000008de00000|100%| E|CS|TAMS 0x000000008dd00000| PB 0x000000008dd00000| Complete 
| 222|0x000000008de00000, 0x000000008df00000, 0x000000008df00000|100%| E|CS|TAMS 0x000000008de00000| PB 0x000000008de00000| Complete 
| 223|0x000000008df00000, 0x000000008e000000, 0x000000008e000000|100%| E|CS|TAMS 0x000000008df00000| PB 0x000000008df00000| Complete 
| 224|0x000000008e000000, 0x000000008e100000, 0x000000008e100000|100%| E|CS|TAMS 0x000000008e000000| PB 0x000000008e000000| Complete 
| 225|0x000000008e100000, 0x000000008e200000, 0x000000008e200000|100%| E|CS|TAMS 0x000000008e100000| PB 0x000000008e100000| Complete 
| 226|0x000000008e200000, 0x000000008e300000, 0x000000008e300000|100%| E|CS|TAMS 0x000000008e200000| PB 0x000000008e200000| Complete 
| 227|0x000000008e300000, 0x000000008e400000, 0x000000008e400000|100%| E|CS|TAMS 0x000000008e300000| PB 0x000000008e300000| Complete 
| 228|0x000000008e400000, 0x000000008e500000, 0x000000008e500000|100%| E|CS|TAMS 0x000000008e400000| PB 0x000000008e400000| Complete 
| 229|0x000000008e500000, 0x000000008e600000, 0x000000008e600000|100%| E|CS|TAMS 0x000000008e500000| PB 0x000000008e500000| Complete 
| 230|0x000000008e600000, 0x000000008e700000, 0x000000008e700000|100%| E|CS|TAMS 0x000000008e600000| PB 0x000000008e600000| Complete 
| 231|0x000000008e700000, 0x000000008e800000, 0x000000008e800000|100%| E|CS|TAMS 0x000000008e700000| PB 0x000000008e700000| Complete 
| 232|0x000000008e800000, 0x000000008e900000, 0x000000008e900000|100%| E|CS|TAMS 0x000000008e800000| PB 0x000000008e800000| Complete 
| 233|0x000000008e900000, 0x000000008ea00000, 0x000000008ea00000|100%| E|CS|TAMS 0x000000008e900000| PB 0x000000008e900000| Complete 
| 234|0x000000008ea00000, 0x000000008eb00000, 0x000000008eb00000|100%| E|CS|TAMS 0x000000008ea00000| PB 0x000000008ea00000| Complete 
| 235|0x000000008eb00000, 0x000000008ec00000, 0x000000008ec00000|100%| E|CS|TAMS 0x000000008eb00000| PB 0x000000008eb00000| Complete 
| 236|0x000000008ec00000, 0x000000008ed00000, 0x000000008ed00000|100%| E|CS|TAMS 0x000000008ec00000| PB 0x000000008ec00000| Complete 
| 237|0x000000008ed00000, 0x000000008ee00000, 0x000000008ee00000|100%| E|CS|TAMS 0x000000008ed00000| PB 0x000000008ed00000| Complete 
| 238|0x000000008ee00000, 0x000000008ef00000, 0x000000008ef00000|100%| E|CS|TAMS 0x000000008ee00000| PB 0x000000008ee00000| Complete 
| 239|0x000000008ef00000, 0x000000008f000000, 0x000000008f000000|100%| E|CS|TAMS 0x000000008ef00000| PB 0x000000008ef00000| Complete 
| 240|0x000000008f000000, 0x000000008f100000, 0x000000008f100000|100%| E|CS|TAMS 0x000000008f000000| PB 0x000000008f000000| Complete 
| 241|0x000000008f100000, 0x000000008f200000, 0x000000008f200000|100%| E|CS|TAMS 0x000000008f100000| PB 0x000000008f100000| Complete 
| 242|0x000000008f200000, 0x000000008f300000, 0x000000008f300000|100%| E|CS|TAMS 0x000000008f200000| PB 0x000000008f200000| Complete 
| 243|0x000000008f300000, 0x000000008f400000, 0x000000008f400000|100%| E|CS|TAMS 0x000000008f300000| PB 0x000000008f300000| Complete 
| 244|0x000000008f400000, 0x000000008f500000, 0x000000008f500000|100%| E|CS|TAMS 0x000000008f400000| PB 0x000000008f400000| Complete 
| 245|0x000000008f500000, 0x000000008f600000, 0x000000008f600000|100%| E|CS|TAMS 0x000000008f500000| PB 0x000000008f500000| Complete 
| 246|0x000000008f600000, 0x000000008f700000, 0x000000008f700000|100%| E|CS|TAMS 0x000000008f600000| PB 0x000000008f600000| Complete 
| 247|0x000000008f700000, 0x000000008f800000, 0x000000008f800000|100%| E|CS|TAMS 0x000000008f700000| PB 0x000000008f700000| Complete 
| 248|0x000000008f800000, 0x000000008f900000, 0x000000008f900000|100%| E|CS|TAMS 0x000000008f800000| PB 0x000000008f800000| Complete 
| 249|0x000000008f900000, 0x000000008fa00000, 0x000000008fa00000|100%| E|CS|TAMS 0x000000008f900000| PB 0x000000008f900000| Complete 
| 250|0x000000008fa00000, 0x000000008fb00000, 0x000000008fb00000|100%| E|CS|TAMS 0x000000008fa00000| PB 0x000000008fa00000| Complete 
| 255|0x000000008ff00000, 0x0000000090000000, 0x0000000090000000|100%| E|CS|TAMS 0x000000008ff00000| PB 0x000000008ff00000| Complete 
|2031|0x00000000fef00000, 0x00000000ff000000, 0x00000000ff000000|100%| O|  |TAMS 0x00000000fef00000| PB 0x00000000fef00000| Untracked 
|2032|0x00000000ff000000, 0x00000000ff100000, 0x00000000ff100000|100%| O|Cm|TAMS 0x00000000ff000000| PB 0x00000000ff000000| Complete 
|2033|0x00000000ff100000, 0x00000000ff200000, 0x00000000ff200000|100%| O|Cm|TAMS 0x00000000ff100000| PB 0x00000000ff100000| Complete 
|2034|0x00000000ff200000, 0x00000000ff300000, 0x00000000ff300000|100%| O|Cm|TAMS 0x00000000ff200000| PB 0x00000000ff200000| Complete 
|2035|0x00000000ff300000, 0x00000000ff400000, 0x00000000ff400000|100%| O|  |TAMS 0x00000000ff300000| PB 0x00000000ff300000| Untracked 
|2036|0x00000000ff400000, 0x00000000ff500000, 0x00000000ff500000|100%| E|CS|TAMS 0x00000000ff400000| PB 0x00000000ff400000| Complete 
|2037|0x00000000ff500000, 0x00000000ff600000, 0x00000000ff600000|100%| O|  |TAMS 0x00000000ff500000| PB 0x00000000ff500000| Untracked 
|2038|0x00000000ff600000, 0x00000000ff700000, 0x00000000ff700000|100%| O|  |TAMS 0x00000000ff600000| PB 0x00000000ff600000| Untracked 
|2039|0x00000000ff700000, 0x00000000ff800000, 0x00000000ff800000|100%| E|CS|TAMS 0x00000000ff700000| PB 0x00000000ff700000| Complete 
|2040|0x00000000ff800000, 0x00000000ff900000, 0x00000000ff900000|100%| E|CS|TAMS 0x00000000ff800000| PB 0x00000000ff800000| Complete 
|2041|0x00000000ff900000, 0x00000000ffa00000, 0x00000000ffa00000|100%| E|CS|TAMS 0x00000000ff900000| PB 0x00000000ff900000| Complete 
|2042|0x00000000ffa00000, 0x00000000ffb00000, 0x00000000ffb00000|100%| O|  |TAMS 0x00000000ffa00000| PB 0x00000000ffa00000| Untracked 
|2043|0x00000000ffb00000, 0x00000000ffc00000, 0x00000000ffc00000|100%| O|  |TAMS 0x00000000ffb00000| PB 0x00000000ffb00000| Untracked 
|2044|0x00000000ffc00000, 0x00000000ffd00000, 0x00000000ffd00000|100%| O|  |TAMS 0x00000000ffc00000| PB 0x00000000ffc00000| Untracked 
|2045|0x00000000ffd00000, 0x00000000ffe00000, 0x00000000ffe00000|100%| O|  |TAMS 0x00000000ffd00000| PB 0x00000000ffd00000| Untracked 
|2046|0x00000000ffe00000, 0x00000000fff00000, 0x00000000fff00000|100%| O|  |TAMS 0x00000000ffe00000| PB 0x00000000ffe00000| Untracked 
|2047|0x00000000fff00000, 0x0000000100000000, 0x0000000100000000|100%| E|CS|TAMS 0x00000000fff00000| PB 0x00000000fff00000| Complete 

Card table byte_map: [0x000001f327f80000,0x000001f328380000] _byte_map_base: 0x000001f327b80000

Marking Bits: (CMBitMap*) 0x000001f31a739c70
 Bits: [0x000001f328380000, 0x000001f32a380000)

Polling page: 0x000001f31a470000

Metaspace:

Usage:
  Non-class:     93.59 MB used.
      Class:     15.56 MB used.
       Both:    109.15 MB used.

Virtual space:
  Non-class space:      128.00 MB reserved,      94.88 MB ( 74%) committed,  2 nodes.
      Class space:      416.00 MB reserved,      16.75 MB (  4%) committed,  1 nodes.
             Both:      544.00 MB reserved,     111.62 MB ( 21%) committed. 

Chunk freelists:
   Non-Class:  648.00 KB
       Class:  15.28 MB
        Both:  15.91 MB

MaxMetaspaceSize: 512.00 MB
CompressedClassSpaceSize: 416.00 MB
Initial GC threshold: 21.00 MB
Current GC threshold: 185.56 MB
CDS: on
 - commit_granule_bytes: 65536.
 - commit_granule_words: 8192.
 - virtual_space_node_default_size: 8388608.
 - enlarge_chunks_in_place: 1.
 - use_allocation_guard: 0.


Internal statistics:

num_allocs_failed_limit: 6.
num_arena_births: 4628.
num_arena_deaths: 0.
num_vsnodes_births: 3.
num_vsnodes_deaths: 0.
num_space_committed: 1786.
num_space_uncommitted: 0.
num_chunks_returned_to_freelist: 6.
num_chunks_taken_from_freelist: 10045.
num_chunk_merges: 6.
num_chunk_splits: 6484.
num_chunks_enlarged: 4048.
num_inconsistent_stats: 0.

CodeCache: size=131072Kb used=32593Kb max_used=32606Kb free=98478Kb
 bounds [0x000001f31efa0000, 0x000001f320fc0000, 0x000001f326fa0000]
 total_blobs=11462, nmethods=10403, adapters=962, full_count=0
Compilation: enabled, stopped_count=0, restarted_count=0

Compilation events (20 events):
Event: 35.618 Thread 0x000001f32d081ec0 nmethod 15899 0x000001f320fb9c90 code [0x000001f320fba020, 0x000001f320fbbdf8]
Event: 36.732 Thread 0x000001f32d087100 15925       3       java.nio.MappedByteBuffer::position (6 bytes)
Event: 36.732 Thread 0x000001f32d087100 nmethod 15925 0x000001f320812210 code [0x000001f3208123c0, 0x000001f3208125d0]
Event: 36.733 Thread 0x000001f32d087100 15927       3       java.nio.ByteBuffer::<init> (14 bytes)
Event: 36.733 Thread 0x000001f32d087100 nmethod 15927 0x000001f320789b10 code [0x000001f320789cc0, 0x000001f320789e10]
Event: 36.736 Thread 0x000001f32d081ec0 15928       4       com.google.common.collect.ImmutableSortedMap$1EntrySet$1::get (39 bytes)
Event: 36.742 Thread 0x000001f32d081ec0 nmethod 15928 0x000001f3207b9c10 code [0x000001f3207b9e20, 0x000001f3207ba5c0]
Event: 36.742 Thread 0x000001f32d081ec0 15929       4       com.google.common.collect.ImmutableListMultimap::fromMapBuilderEntries (133 bytes)
Event: 36.766 Thread 0x000001f32d081ec0 nmethod 15929 0x000001f320fbd610 code [0x000001f320fbd8a0, 0x000001f320fbe880]
Event: 36.766 Thread 0x000001f32d081ec0 15930       4       com.google.common.collect.ImmutableMultimap$Builder::build (52 bytes)
Event: 36.768 Thread 0x000001f32d081ec0 nmethod 15930 0x000001f31fe4f690 code [0x000001f31fe4f840, 0x000001f31fe4faf8]
Event: 36.808 Thread 0x000001f32d081ec0 15931       4       org.gradle.api.internal.artifacts.transform.AbstractTransformExecution$$Lambda/0x000001f32f7d3a48::getValue (10 bytes)
Event: 36.811 Thread 0x000001f32d081ec0 nmethod 15931 0x000001f31fd4a190 code [0x000001f31fd4a380, 0x000001f31fd4a680]
Event: 36.811 Thread 0x000001f32d081ec0 15932       4       org.gradle.internal.hash.HashCode$HashCode128::bytes (5 bytes)
Event: 36.812 Thread 0x000001f32d081ec0 nmethod 15932 0x000001f32074eb90 code [0x000001f32074ed20, 0x000001f32074ef40]
Event: 36.823 Thread 0x000001f32d081ec0 15933       4       org.gradle.cache.Cache::get (14 bytes)
Event: 36.828 Thread 0x000001f32d081ec0 nmethod 15933 0x000001f32004e610 code [0x000001f32004e860, 0x000001f32004f110]
Event: 36.829 Thread 0x000001f32d081ec0 15934       4       org.gradle.api.internal.artifacts.transform.TransformWorkspaceIdentity::createNonNormalizedImmutable (53 bytes)
Event: 38.247 Thread 0x000001f32d087100 15938   !   3       sun.management.Util::newObjectName (15 bytes)
Event: 38.247 Thread 0x000001f32d087100 nmethod 15938 0x000001f3208c5210 code [0x000001f3208c53e0, 0x000001f3208c5770]

GC Heap History (20 events):
Event: 28.836 GC heap before
{Heap before GC invocations=42 (full 0):
 garbage-first heap   total 203776K, used 176262K [0x0000000080000000, 0x0000000100000000)
  region size 1024K, 61 young (62464K), 8 survivors (8192K)
 Metaspace       used 98804K, committed 101184K, reserved 557056K
  class space    used 14158K, committed 15360K, reserved 425984K
}
Event: 28.840 GC heap after
{Heap after GC invocations=43 (full 0):
 garbage-first heap   total 203776K, used 123698K [0x0000000080000000, 0x0000000100000000)
  region size 1024K, 3 young (3072K), 3 survivors (3072K)
 Metaspace       used 98804K, committed 101184K, reserved 557056K
  class space    used 14158K, committed 15360K, reserved 425984K
}
Event: 29.327 GC heap before
{Heap before GC invocations=43 (full 0):
 garbage-first heap   total 203776K, used 186162K [0x0000000080000000, 0x0000000100000000)
  region size 1024K, 64 young (65536K), 3 survivors (3072K)
 Metaspace       used 103307K, committed 105664K, reserved 557056K
  class space    used 14867K, committed 16000K, reserved 425984K
}
Event: 29.330 GC heap after
{Heap after GC invocations=44 (full 0):
 garbage-first heap   total 203776K, used 121912K [0x0000000080000000, 0x0000000100000000)
  region size 1024K, 4 young (4096K), 4 survivors (4096K)
 Metaspace       used 103307K, committed 105664K, reserved 557056K
  class space    used 14867K, committed 16000K, reserved 425984K
}
Event: 30.243 GC heap before
{Heap before GC invocations=44 (full 0):
 garbage-first heap   total 203776K, used 187448K [0x0000000080000000, 0x0000000100000000)
  region size 1024K, 68 young (69632K), 4 survivors (4096K)
 Metaspace       used 106825K, committed 109248K, reserved 557056K
  class space    used 15328K, committed 16512K, reserved 425984K
}
Event: 30.248 GC heap after
{Heap after GC invocations=45 (full 0):
 garbage-first heap   total 203776K, used 127026K [0x0000000080000000, 0x0000000100000000)
  region size 1024K, 9 young (9216K), 9 survivors (9216K)
 Metaspace       used 106825K, committed 109248K, reserved 557056K
  class space    used 15328K, committed 16512K, reserved 425984K
}
Event: 30.758 GC heap before
{Heap before GC invocations=46 (full 0):
 garbage-first heap   total 214016K, used 187442K [0x0000000080000000, 0x0000000100000000)
  region size 1024K, 69 young (70656K), 9 survivors (9216K)
 Metaspace       used 106839K, committed 109248K, reserved 557056K
  class space    used 15329K, committed 16512K, reserved 425984K
}
Event: 30.765 GC heap after
{Heap after GC invocations=47 (full 0):
 garbage-first heap   total 214016K, used 130515K [0x0000000080000000, 0x0000000100000000)
  region size 1024K, 5 young (5120K), 5 survivors (5120K)
 Metaspace       used 106839K, committed 109248K, reserved 557056K
  class space    used 15329K, committed 16512K, reserved 425984K
}
Event: 31.430 GC heap before
{Heap before GC invocations=47 (full 0):
 garbage-first heap   total 214016K, used 205267K [0x0000000080000000, 0x0000000100000000)
  region size 1024K, 71 young (72704K), 5 survivors (5120K)
 Metaspace       used 109128K, committed 111552K, reserved 557056K
  class space    used 15646K, committed 16832K, reserved 425984K
}
Event: 31.436 GC heap after
{Heap after GC invocations=48 (full 0):
 garbage-first heap   total 221184K, used 136303K [0x0000000080000000, 0x0000000100000000)
  region size 1024K, 9 young (9216K), 9 survivors (9216K)
 Metaspace       used 109128K, committed 111552K, reserved 557056K
  class space    used 15646K, committed 16832K, reserved 425984K
}
Event: 32.362 GC heap before
{Heap before GC invocations=48 (full 0):
 garbage-first heap   total 221184K, used 200815K [0x0000000080000000, 0x0000000100000000)
  region size 1024K, 73 young (74752K), 9 survivors (9216K)
 Metaspace       used 109271K, committed 111744K, reserved 557056K
  class space    used 15650K, committed 16832K, reserved 425984K
}
Event: 32.369 GC heap after
{Heap after GC invocations=49 (full 0):
 garbage-first heap   total 221184K, used 141059K [0x0000000080000000, 0x0000000100000000)
  region size 1024K, 7 young (7168K), 7 survivors (7168K)
 Metaspace       used 109271K, committed 111744K, reserved 557056K
  class space    used 15650K, committed 16832K, reserved 425984K
}
Event: 32.841 GC heap before
{Heap before GC invocations=50 (full 0):
 garbage-first heap   total 237568K, used 201475K [0x0000000080000000, 0x0000000100000000)
  region size 1024K, 67 young (68608K), 7 survivors (7168K)
 Metaspace       used 109339K, committed 111872K, reserved 557056K
  class space    used 15663K, committed 16896K, reserved 425984K
}
Event: 32.844 GC heap after
{Heap after GC invocations=51 (full 0):
 garbage-first heap   total 237568K, used 142658K [0x0000000080000000, 0x0000000100000000)
  region size 1024K, 5 young (5120K), 5 survivors (5120K)
 Metaspace       used 109339K, committed 111872K, reserved 557056K
  class space    used 15663K, committed 16896K, reserved 425984K
}
Event: 33.694 GC heap before
{Heap before GC invocations=51 (full 0):
 garbage-first heap   total 237568K, used 219458K [0x0000000080000000, 0x0000000100000000)
  region size 1024K, 78 young (79872K), 5 survivors (5120K)
 Metaspace       used 110984K, committed 113472K, reserved 557056K
  class space    used 15857K, committed 17088K, reserved 425984K
}
Event: 33.702 GC heap after
{Heap after GC invocations=52 (full 0):
 garbage-first heap   total 241664K, used 154700K [0x0000000080000000, 0x0000000100000000)
  region size 1024K, 10 young (10240K), 10 survivors (10240K)
 Metaspace       used 110984K, committed 113472K, reserved 557056K
  class space    used 15857K, committed 17088K, reserved 425984K
}
Event: 34.463 GC heap before
{Heap before GC invocations=52 (full 0):
 garbage-first heap   total 241664K, used 216140K [0x0000000080000000, 0x0000000100000000)
  region size 1024K, 71 young (72704K), 10 survivors (10240K)
 Metaspace       used 111379K, committed 113984K, reserved 557056K
  class space    used 15890K, committed 17152K, reserved 425984K
}
Event: 34.470 GC heap after
{Heap after GC invocations=53 (full 0):
 garbage-first heap   total 241664K, used 164705K [0x0000000080000000, 0x0000000100000000)
  region size 1024K, 9 young (9216K), 9 survivors (9216K)
 Metaspace       used 111379K, committed 113984K, reserved 557056K
  class space    used 15890K, committed 17152K, reserved 425984K
}
Event: 34.990 GC heap before
{Heap before GC invocations=54 (full 0):
 garbage-first heap   total 275456K, used 221025K [0x0000000080000000, 0x0000000100000000)
  region size 1024K, 65 young (66560K), 9 survivors (9216K)
 Metaspace       used 111432K, committed 113984K, reserved 557056K
  class space    used 15890K, committed 17152K, reserved 425984K
}
Event: 34.994 GC heap after
{Heap after GC invocations=55 (full 0):
 garbage-first heap   total 275456K, used 167904K [0x0000000080000000, 0x0000000100000000)
  region size 1024K, 5 young (5120K), 5 survivors (5120K)
 Metaspace       used 111432K, committed 113984K, reserved 557056K
  class space    used 15890K, committed 17152K, reserved 425984K
}

Dll operation events (15 events):
Event: 0.007 Loaded shared library C:\Users\Muhammad Anas Ayub\.antigravity\extensions\redhat.java-1.54.0-win32-x64\jre\21.0.10-win32-x86_64\bin\java.dll
Event: 0.052 Loaded shared library C:\Users\Muhammad Anas Ayub\.antigravity\extensions\redhat.java-1.54.0-win32-x64\jre\21.0.10-win32-x86_64\bin\zip.dll
Event: 0.065 Loaded shared library C:\Users\Muhammad Anas Ayub\.antigravity\extensions\redhat.java-1.54.0-win32-x64\jre\21.0.10-win32-x86_64\bin\instrument.dll
Event: 0.068 Loaded shared library C:\Users\Muhammad Anas Ayub\.antigravity\extensions\redhat.java-1.54.0-win32-x64\jre\21.0.10-win32-x86_64\bin\net.dll
Event: 0.070 Loaded shared library C:\Users\Muhammad Anas Ayub\.antigravity\extensions\redhat.java-1.54.0-win32-x64\jre\21.0.10-win32-x86_64\bin\nio.dll
Event: 0.072 Loaded shared library C:\Users\Muhammad Anas Ayub\.antigravity\extensions\redhat.java-1.54.0-win32-x64\jre\21.0.10-win32-x86_64\bin\zip.dll
Event: 0.278 Loaded shared library C:\Users\Muhammad Anas Ayub\.antigravity\extensions\redhat.java-1.54.0-win32-x64\jre\21.0.10-win32-x86_64\bin\jimage.dll
Event: 0.403 Loaded shared library C:\Users\Muhammad Anas Ayub\.antigravity\extensions\redhat.java-1.54.0-win32-x64\jre\21.0.10-win32-x86_64\bin\verify.dll
Event: 0.464 Loaded shared library C:\Users\Muhammad Anas Ayub\.gradle\native\1def1411415f61bf3af743bc5b6707747c0891f09f0c88961ee8f79bc544acac\windows-amd64\native-platform.dll
Event: 0.474 Loaded shared library C:\Users\Muhammad Anas Ayub\.gradle\native\0.2.7\x86_64-windows-gnu\gradle-fileevents.dll
Event: 1.224 Loaded shared library C:\Users\Muhammad Anas Ayub\.antigravity\extensions\redhat.java-1.54.0-win32-x64\jre\21.0.10-win32-x86_64\bin\management.dll
Event: 1.226 Loaded shared library C:\Users\Muhammad Anas Ayub\.antigravity\extensions\redhat.java-1.54.0-win32-x64\jre\21.0.10-win32-x86_64\bin\management_ext.dll
Event: 1.301 Loaded shared library C:\Users\Muhammad Anas Ayub\.antigravity\extensions\redhat.java-1.54.0-win32-x64\jre\21.0.10-win32-x86_64\bin\extnet.dll
Event: 1.437 Loaded shared library C:\Users\Muhammad Anas Ayub\.antigravity\extensions\redhat.java-1.54.0-win32-x64\jre\21.0.10-win32-x86_64\bin\sunmscapi.dll
Event: 10.240 Loaded shared library C:\Users\Muhammad Anas Ayub\.antigravity\extensions\redhat.java-1.54.0-win32-x64\jre\21.0.10-win32-x86_64\bin\rmi.dll

Deoptimization events (20 events):
Event: 34.386 Thread 0x000001f34e7a5150 DEOPT UNPACKING pc=0x000001f31eff4422 sp=0x0000008d414fdd58 mode 2
Event: 34.386 Thread 0x000001f34e7a5150 Uncommon trap: trap_request=0xffffffbe fr.pc=0x000001f320f4dab0 relative=0x0000000000000d70
Event: 34.386 Thread 0x000001f34e7a5150 Uncommon trap: reason=profile_predicate action=maybe_recompile pc=0x000001f320f4dab0 method=org.gradle.internal.fingerprint.impl.DefaultFileCollectionSnapshotter$SnapshottingVisitor.visitCollection(Lorg/gradle/api/internal/file/FileCollectionInternal$Sour
Event: 34.386 Thread 0x000001f34e7a5150 DEOPT PACKING pc=0x000001f320f4dab0 sp=0x0000008d414fdd90
Event: 34.386 Thread 0x000001f34e7a5150 DEOPT UNPACKING pc=0x000001f31eff4422 sp=0x0000008d414fdd58 mode 2
Event: 35.577 Thread 0x000001f34e21d1c0 Uncommon trap: trap_request=0xffffff45 fr.pc=0x000001f3206a3a4c relative=0x00000000000000ac
Event: 35.577 Thread 0x000001f34e21d1c0 Uncommon trap: reason=unstable_if action=reinterpret pc=0x000001f3206a3a4c method=com.esotericsoftware.kryo.io.Output.writeByte(B)V @ 8 c2
Event: 35.577 Thread 0x000001f34e21d1c0 DEOPT PACKING pc=0x000001f3206a3a4c sp=0x0000008d39af8010
Event: 35.577 Thread 0x000001f34e21d1c0 DEOPT UNPACKING pc=0x000001f31eff4422 sp=0x0000008d39af7f30 mode 2
Event: 37.762 Thread 0x000001f3537c6b50 Uncommon trap: trap_request=0xffffffbe fr.pc=0x000001f31f3d736c relative=0x0000000000001eac
Event: 37.762 Thread 0x000001f3537c6b50 Uncommon trap: reason=profile_predicate action=maybe_recompile pc=0x000001f31f3d736c method=com.google.common.collect.MapMakerInternalMap$Segment.expand()V @ 59 c2
Event: 37.762 Thread 0x000001f3537c6b50 DEOPT PACKING pc=0x000001f31f3d736c sp=0x0000008d424fd080
Event: 37.762 Thread 0x000001f3537c6b50 DEOPT UNPACKING pc=0x000001f31eff4422 sp=0x0000008d424fd028 mode 2
Event: 38.869 Thread 0x000001f3537c6b50 Uncommon trap: trap_request=0xffffffbe fr.pc=0x000001f31f7e4788 relative=0x0000000000001cc8
Event: 38.869 Thread 0x000001f3537c6b50 Uncommon trap: reason=profile_predicate action=maybe_recompile pc=0x000001f31f7e4788 method=com.google.common.collect.MapMakerInternalMap$Segment.expand()V @ 56 c2
Event: 38.869 Thread 0x000001f3537c6b50 DEOPT PACKING pc=0x000001f31f7e4788 sp=0x0000008d424fd080
Event: 38.869 Thread 0x000001f3537c6b50 DEOPT UNPACKING pc=0x000001f31eff4422 sp=0x0000008d424fd038 mode 2
Event: 38.869 Thread 0x000001f3537c6b50 Uncommon trap: trap_request=0xffffffbe fr.pc=0x000001f31f7e4788 relative=0x0000000000001cc8
Event: 38.869 Thread 0x000001f3537c6b50 Uncommon trap: reason=profile_predicate action=maybe_recompile pc=0x000001f31f7e4788 method=com.google.common.collect.MapMakerInternalMap$Segment.expand()V @ 56 c2
Event: 38.869 Thread 0x000001f3537c6b50 DEOPT PACKING pc=0x000001f31f7e4788 sp=0x0000008d424fd080

Classes loaded (20 events):
Event: 31.446 Loading class java/util/AbstractCollectionCustomizer
Event: 31.446 Loading class java/util/AbstractCollectionCustomizer done
Event: 31.446 Loading class java/util/AbstractCollectionCustomizer
Event: 31.446 Loading class java/util/AbstractCollectionCustomizer done
Event: 31.446 Loading class sun/reflect/generics/reflectiveObjects/GenericArrayTypeImpl
Event: 31.446 Loading class sun/reflect/generics/reflectiveObjects/GenericArrayTypeImpl done
Event: 32.838 Loading class java/lang/StackTraceElement$HashedModules
Event: 32.838 Loading class java/lang/StackTraceElement$HashedModules done
Event: 32.882 Loading class java/io/CharArrayReader
Event: 32.882 Loading class java/io/CharArrayReader done
Event: 33.131 Loading class java/beans/IntrospectionException
Event: 33.131 Loading class java/beans/IntrospectionException done
Event: 33.171 Loading class java/lang/EnumBeanInfo
Event: 33.171 Loading class java/lang/EnumBeanInfo done
Event: 33.171 Loading class java/lang/EnumBeanInfo
Event: 33.171 Loading class java/lang/EnumBeanInfo done
Event: 33.172 Loading class java/lang/EnumCustomizer
Event: 33.172 Loading class java/lang/EnumCustomizer done
Event: 33.172 Loading class java/lang/EnumCustomizer
Event: 33.172 Loading class java/lang/EnumCustomizer done

Classes unloaded (0 events):
No events

Classes redefined (0 events):
No events

Internal exceptions (20 events):
Event: 33.764 Thread 0x000001f34e21d1c0 Exception <a 'java/lang/ClassNotFoundException'{0x000000008ff56948}: com/android/build/gradle/internal/api/DefaultAndroidSourceDirectorySetBeanInfo> (0x000000008ff56948) 
thrown [s\src\hotspot\share\classfile\systemDictionary.cpp, line 312]
Event: 33.765 Thread 0x000001f34e21d1c0 Exception <a 'java/lang/ClassNotFoundException'{0x000000008ff65540}: com/android/build/gradle/internal/api/DefaultAndroidSourceDirectorySetCustomizer> (0x000000008ff65540) 
thrown [s\src\hotspot\share\classfile\systemDictionary.cpp, line 312]
Event: 33.792 Thread 0x000001f34e21d1c0 Exception <a 'java/lang/ClassNotFoundException'{0x000000008ea01a08}: com/android/build/gradle/internal/dsl/ExternalNativeBuild$AgpDecorated_DecoratedBeanInfo> (0x000000008ea01a08) 
thrown [s\src\hotspot\share\classfile\systemDictionary.cpp, line 312]
Event: 33.792 Thread 0x000001f34e21d1c0 Exception <a 'java/lang/ClassNotFoundException'{0x000000008ea0dfb0}: com/android/build/gradle/internal/dsl/ExternalNativeBuild$AgpDecoratedBeanInfo> (0x000000008ea0dfb0) 
thrown [s\src\hotspot\share\classfile\systemDictionary.cpp, line 312]
Event: 33.792 Thread 0x000001f34e21d1c0 Exception <a 'java/lang/ClassNotFoundException'{0x000000008ea1a398}: com/android/build/gradle/internal/dsl/ExternalNativeBuildBeanInfo> (0x000000008ea1a398) 
thrown [s\src\hotspot\share\classfile\systemDictionary.cpp, line 312]
Event: 33.792 Thread 0x000001f34e21d1c0 Exception <a 'java/lang/ClassNotFoundException'{0x000000008ea26758}: com/android/build/gradle/internal/dsl/ExternalNativeBuildCustomizer> (0x000000008ea26758) 
thrown [s\src\hotspot\share\classfile\systemDictionary.cpp, line 312]
Event: 33.793 Thread 0x000001f34e21d1c0 Exception <a 'java/lang/ClassNotFoundException'{0x000000008ea390c8}: com/android/build/gradle/internal/dsl/ExternalNativeBuild$AgpDecoratedCustomizer> (0x000000008ea390c8) 
thrown [s\src\hotspot\share\classfile\systemDictionary.cpp, line 312]
Event: 33.793 Thread 0x000001f34e21d1c0 Exception <a 'java/lang/ClassNotFoundException'{0x000000008ea51670}: com/android/build/gradle/internal/dsl/ExternalNativeBuild$AgpDecorated_DecoratedCustomizer> (0x000000008ea51670) 
thrown [s\src\hotspot\share\classfile\systemDictionary.cpp, line 312]
Event: 33.796 Thread 0x000001f34e21d1c0 Exception <a 'java/lang/ClassNotFoundException'{0x000000008eac8968}: com/android/build/gradle/internal/dsl/CmakeOptions$AgpDecorated_DecoratedBeanInfo> (0x000000008eac8968) 
thrown [s\src\hotspot\share\classfile\systemDictionary.cpp, line 312]
Event: 33.796 Thread 0x000001f34e21d1c0 Exception <a 'java/lang/ClassNotFoundException'{0x000000008ead6160}: com/android/build/gradle/internal/dsl/CmakeOptions$AgpDecoratedBeanInfo> (0x000000008ead6160) 
thrown [s\src\hotspot\share\classfile\systemDictionary.cpp, line 312]
Event: 33.796 Thread 0x000001f34e21d1c0 Exception <a 'java/lang/ClassNotFoundException'{0x000000008eae36b0}: com/android/build/gradle/internal/dsl/CmakeOptionsBeanInfo> (0x000000008eae36b0) 
thrown [s\src\hotspot\share\classfile\systemDictionary.cpp, line 312]
Event: 33.797 Thread 0x000001f34e21d1c0 Exception <a 'java/lang/ClassNotFoundException'{0x000000008eaf0bd0}: com/android/build/gradle/internal/dsl/CmakeOptionsCustomizer> (0x000000008eaf0bd0) 
thrown [s\src\hotspot\share\classfile\systemDictionary.cpp, line 312]
Event: 33.797 Thread 0x000001f34e21d1c0 Exception <a 'java/lang/ClassNotFoundException'{0x000000008e903550}: com/android/build/gradle/internal/dsl/CmakeOptions$AgpDecoratedCustomizer> (0x000000008e903550) 
thrown [s\src\hotspot\share\classfile\systemDictionary.cpp, line 312]
Event: 33.797 Thread 0x000001f34e21d1c0 Exception <a 'java/lang/ClassNotFoundException'{0x000000008e917f30}: com/android/build/gradle/internal/dsl/CmakeOptions$AgpDecorated_DecoratedCustomizer> (0x000000008e917f30) 
thrown [s\src\hotspot\share\classfile\systemDictionary.cpp, line 312]
Event: 33.937 Thread 0x000001f34e21d1c0 Exception <a 'java/lang/ClassNotFoundException'{0x000000008ca1b5f8}: build_awdoa2oo88i0dfo9e6j2t0bnqBeanInfo> (0x000000008ca1b5f8) 
thrown [s\src\hotspot\share\classfile\systemDictionary.cpp, line 312]
Event: 33.937 Thread 0x000001f34e21d1c0 Exception <a 'java/lang/ClassNotFoundException'{0x000000008ca223c0}: build_awdoa2oo88i0dfo9e6j2t0bnqCustomizer> (0x000000008ca223c0) 
thrown [s\src\hotspot\share\classfile\systemDictionary.cpp, line 312]
Event: 33.983 Thread 0x000001f34e21d1c0 Exception <a 'java/lang/ClassNotFoundException'{0x000000008c943738}: build_awdoa2oo88i0dfo9e6j2t0bnqBeanInfo> (0x000000008c943738) 
thrown [s\src\hotspot\share\classfile\systemDictionary.cpp, line 312]
Event: 33.983 Thread 0x000001f34e21d1c0 Exception <a 'java/lang/ClassNotFoundException'{0x000000008c94a490}: build_awdoa2oo88i0dfo9e6j2t0bnqCustomizer> (0x000000008c94a490) 
thrown [s\src\hotspot\share\classfile\systemDictionary.cpp, line 312]
Event: 35.495 Thread 0x000001f34e21d1c0 Exception <a 'java/lang/ClassNotFoundException'{0x000000008df11fb8}: build_4oy6wbbgtw1yte3erzarh9cisBeanInfo> (0x000000008df11fb8) 
thrown [s\src\hotspot\share\classfile\systemDictionary.cpp, line 312]
Event: 35.495 Thread 0x000001f34e21d1c0 Exception <a 'java/lang/ClassNotFoundException'{0x000000008df18d80}: build_4oy6wbbgtw1yte3erzarh9cisCustomizer> (0x000000008df18d80) 
thrown [s\src\hotspot\share\classfile\systemDictionary.cpp, line 312]

ZGC Phase Switch (0 events):
No events

VM Operations (20 events):
Event: 32.474 Executing safepoint VM operation: G1PauseCleanup
Event: 32.474 Executing safepoint VM operation: G1PauseCleanup done
Event: 32.841 Executing safepoint VM operation: G1CollectForAllocation (G1 Evacuation Pause)
Event: 32.844 Executing safepoint VM operation: G1CollectForAllocation (G1 Evacuation Pause) done
Event: 33.327 Executing safepoint VM operation: ICBufferFull
Event: 33.327 Executing safepoint VM operation: ICBufferFull done
Event: 33.694 Executing safepoint VM operation: G1CollectForAllocation (G1 Evacuation Pause)
Event: 33.702 Executing safepoint VM operation: G1CollectForAllocation (G1 Evacuation Pause) done
Event: 34.290 Executing safepoint VM operation: ICBufferFull
Event: 34.290 Executing safepoint VM operation: ICBufferFull done
Event: 34.463 Executing safepoint VM operation: G1CollectForAllocation (G1 Evacuation Pause)
Event: 34.470 Executing safepoint VM operation: G1CollectForAllocation (G1 Evacuation Pause) done
Event: 34.547 Executing safepoint VM operation: G1PauseRemark
Event: 34.553 Executing safepoint VM operation: G1PauseRemark done
Event: 34.598 Executing safepoint VM operation: G1PauseCleanup
Event: 34.598 Executing safepoint VM operation: G1PauseCleanup done
Event: 34.990 Executing safepoint VM operation: G1CollectForAllocation (G1 Evacuation Pause)
Event: 34.994 Executing safepoint VM operation: G1CollectForAllocation (G1 Evacuation Pause) done
Event: 36.995 Executing safepoint VM operation: Cleanup
Event: 36.995 Executing safepoint VM operation: Cleanup done

Memory protections (0 events):
No events

Nmethod flushes (20 events):
Event: 34.552 Thread 0x000001f32d04b7e0 flushing  nmethod 0x000001f320812210
Event: 34.552 Thread 0x000001f32d04b7e0 flushing  nmethod 0x000001f320812b90
Event: 34.552 Thread 0x000001f32d04b7e0 flushing  nmethod 0x000001f320813310
Event: 34.552 Thread 0x000001f32d04b7e0 flushing  nmethod 0x000001f320814890
Event: 34.552 Thread 0x000001f32d04b7e0 flushing  nmethod 0x000001f320815a10
Event: 34.552 Thread 0x000001f32d04b7e0 flushing  nmethod 0x000001f320815e10
Event: 34.552 Thread 0x000001f32d04b7e0 flushing  nmethod 0x000001f320836d10
Event: 34.552 Thread 0x000001f32d04b7e0 flushing  nmethod 0x000001f320837410
Event: 34.552 Thread 0x000001f32d04b7e0 flushing  nmethod 0x000001f32086e490
Event: 34.552 Thread 0x000001f32d04b7e0 flushing  nmethod 0x000001f32086ec10
Event: 34.552 Thread 0x000001f32d04b7e0 flushing  nmethod 0x000001f320871190
Event: 34.552 Thread 0x000001f32d04b7e0 flushing  nmethod 0x000001f320879890
Event: 34.552 Thread 0x000001f32d04b7e0 flushing  nmethod 0x000001f320891c10
Event: 34.552 Thread 0x000001f32d04b7e0 flushing  nmethod 0x000001f320894810
Event: 34.552 Thread 0x000001f32d04b7e0 flushing  nmethod 0x000001f320896590
Event: 34.552 Thread 0x000001f32d04b7e0 flushing  nmethod 0x000001f320898f90
Event: 34.552 Thread 0x000001f32d04b7e0 flushing  nmethod 0x000001f320899310
Event: 34.552 Thread 0x000001f32d04b7e0 flushing  nmethod 0x000001f320899690
Event: 34.552 Thread 0x000001f32d04b7e0 flushing  nmethod 0x000001f3209ebe10
Event: 34.552 Thread 0x000001f32d04b7e0 flushing  nmethod 0x000001f320b32a10

Events (20 events):
Event: 30.230 Thread 0x000001f34e21d1c0 Thread added: 0x000001f351b05bf0
Event: 30.230 Thread 0x000001f34e21d1c0 Thread added: 0x000001f351b05560
Event: 30.231 Thread 0x000001f34e21d1c0 Thread added: 0x000001f351b03b20
Event: 30.473 Thread 0x000001f32d087100 Thread added: 0x000001f351e1f220
Event: 31.169 Thread 0x000001f351e1f220 Thread exited: 0x000001f351e1f220
Event: 31.181 Thread 0x000001f350ca8b00 Thread exited: 0x000001f350ca8b00
Event: 31.297 Thread 0x000001f32d087100 Thread added: 0x000001f351e1f220
Event: 31.336 Thread 0x000001f34e21d1c0 Thread added: 0x000001f353a45110
Event: 32.804 Thread 0x000001f34e21d1c0 Thread added: 0x000001f354ca0050
Event: 32.897 Thread 0x000001f34e21d1c0 Thread added: 0x000001f354c9b190
Event: 33.511 Thread 0x000001f34e21d1c0 Thread added: 0x000001f354c99de0
Event: 33.561 Thread 0x000001f34e21d1c0 Thread added: 0x000001f354c9b820
Event: 33.720 Thread 0x000001f32d087100 Thread added: 0x000001f35ac681e0
Event: 33.922 Thread 0x000001f34e21d1c0 Thread added: 0x000001f354c9beb0
Event: 33.969 Thread 0x000001f34e21d1c0 Thread added: 0x000001f354c99750
Event: 35.261 Thread 0x000001f35ac681e0 Thread exited: 0x000001f35ac681e0
Event: 35.261 Thread 0x000001f351e1f220 Thread exited: 0x000001f351e1f220
Event: 35.413 Thread 0x000001f32d087100 Thread added: 0x000001f35ac69650
Event: 35.481 Thread 0x000001f34e21d1c0 Thread added: 0x000001f3537ca660
Event: 36.732 Thread 0x000001f35ac69650 Thread exited: 0x000001f35ac69650


Dynamic libraries:
0x00007ff7f6fd0000 - 0x00007ff7f6fde000 	C:\Users\Muhammad Anas Ayub\.antigravity\extensions\redhat.java-1.54.0-win32-x64\jre\21.0.10-win32-x86_64\bin\java.exe
0x00007ffae4620000 - 0x00007ffae4887000 	C:\WINDOWS\SYSTEM32\ntdll.dll
0x00007ffae31f0000 - 0x00007ffae32b9000 	C:\WINDOWS\System32\KERNEL32.DLL
0x00007ffae1af0000 - 0x00007ffae1ee4000 	C:\WINDOWS\System32\KERNELBASE.dll
0x00007ffae0fb0000 - 0x00007ffae10fb000 	C:\WINDOWS\System32\ucrtbase.dll
0x00007ffac1a90000 - 0x00007ffac1aae000 	C:\Users\Muhammad Anas Ayub\.antigravity\extensions\redhat.java-1.54.0-win32-x64\jre\21.0.10-win32-x86_64\bin\VCRUNTIME140.dll
0x00007ffac0c40000 - 0x00007ffac0c58000 	C:\Users\Muhammad Anas Ayub\.antigravity\extensions\redhat.java-1.54.0-win32-x64\jre\21.0.10-win32-x86_64\bin\jli.dll
0x00007ffae4080000 - 0x00007ffae4245000 	C:\WINDOWS\System32\USER32.dll
0x00007ffacf860000 - 0x00007ffacfaf3000 	C:\WINDOWS\WinSxS\amd64_microsoft.windows.common-controls_6595b64144ccf1df_6.0.26100.8115_none_3e075c82e3354f9c\COMCTL32.dll
0x00007ffae1ef0000 - 0x00007ffae1f17000 	C:\WINDOWS\System32\win32u.dll
0x00007ffae3e30000 - 0x00007ffae3ed9000 	C:\WINDOWS\System32\msvcrt.dll
0x00007ffae32c0000 - 0x00007ffae32eb000 	C:\WINDOWS\System32\GDI32.dll
0x00007ffae2280000 - 0x00007ffae23ab000 	C:\WINDOWS\System32\gdi32full.dll
0x00007ffae2060000 - 0x00007ffae2103000 	C:\WINDOWS\System32\msvcp_win.dll
0x00007ffae42a0000 - 0x00007ffae42d2000 	C:\WINDOWS\System32\IMM32.DLL
0x00007ffadd420000 - 0x00007ffadd42c000 	C:\Users\Muhammad Anas Ayub\.antigravity\extensions\redhat.java-1.54.0-win32-x64\jre\21.0.10-win32-x86_64\bin\vcruntime140_1.dll
0x00007ffab5a10000 - 0x00007ffab5a9d000 	C:\Users\Muhammad Anas Ayub\.antigravity\extensions\redhat.java-1.54.0-win32-x64\jre\21.0.10-win32-x86_64\bin\msvcp140.dll
0x00007ffa84a10000 - 0x00007ffa857b1000 	C:\Users\Muhammad Anas Ayub\.antigravity\extensions\redhat.java-1.54.0-win32-x64\jre\21.0.10-win32-x86_64\bin\server\jvm.dll
0x00007ffae3300000 - 0x00007ffae33b6000 	C:\WINDOWS\System32\ADVAPI32.dll
0x00007ffae2ec0000 - 0x00007ffae2f67000 	C:\WINDOWS\System32\sechost.dll
0x00007ffae23b0000 - 0x00007ffae24c8000 	C:\WINDOWS\System32\RPCRT4.dll
0x00007ffae4550000 - 0x00007ffae45d0000 	C:\WINDOWS\System32\WS2_32.dll
0x00007ffae0ba0000 - 0x00007ffae0bfe000 	C:\WINDOWS\SYSTEM32\POWRPROF.dll
0x00007ffad9480000 - 0x00007ffad94b6000 	C:\WINDOWS\SYSTEM32\WINMM.dll
0x00007ffadba40000 - 0x00007ffadba4b000 	C:\WINDOWS\SYSTEM32\VERSION.dll
0x00007ffae0b80000 - 0x00007ffae0b94000 	C:\WINDOWS\SYSTEM32\UMPDC.dll
0x00007ffadfc80000 - 0x00007ffadfc9b000 	C:\WINDOWS\SYSTEM32\kernel.appcore.dll
0x00007ffad14f0000 - 0x00007ffad14fa000 	C:\Users\Muhammad Anas Ayub\.antigravity\extensions\redhat.java-1.54.0-win32-x64\jre\21.0.10-win32-x86_64\bin\jimage.dll
0x00007ffad89c0000 - 0x00007ffad8c02000 	C:\WINDOWS\SYSTEM32\DBGHELP.DLL
0x00007ffae24d0000 - 0x00007ffae2852000 	C:\WINDOWS\System32\combase.dll
0x00007ffae3d50000 - 0x00007ffae3e28000 	C:\WINDOWS\System32\OLEAUT32.dll
0x00007ffadd570000 - 0x00007ffadd5ab000 	C:\WINDOWS\SYSTEM32\dbgcore.DLL
0x00007ffae1fb0000 - 0x00007ffae2055000 	C:\WINDOWS\System32\bcryptPrimitives.dll
0x00007ffad0910000 - 0x00007ffad091f000 	C:\Users\Muhammad Anas Ayub\.antigravity\extensions\redhat.java-1.54.0-win32-x64\jre\21.0.10-win32-x86_64\bin\instrument.dll
0x00007ffabebe0000 - 0x00007ffabec00000 	C:\Users\Muhammad Anas Ayub\.antigravity\extensions\redhat.java-1.54.0-win32-x64\jre\21.0.10-win32-x86_64\bin\java.dll
0x00007ffae35e0000 - 0x00007ffae3d47000 	C:\WINDOWS\System32\SHELL32.dll
0x00007ffae2110000 - 0x00007ffae227a000 	C:\WINDOWS\System32\wintypes.dll
0x00007ffae1280000 - 0x00007ffae1ae8000 	C:\WINDOWS\System32\windows.storage.dll
0x00007ffae33e0000 - 0x00007ffae34d8000 	C:\WINDOWS\System32\SHCORE.dll
0x00007ffae29c0000 - 0x00007ffae2a26000 	C:\WINDOWS\System32\shlwapi.dll
0x00007ffae0e10000 - 0x00007ffae0e39000 	C:\WINDOWS\SYSTEM32\profapi.dll
0x00007ffabe880000 - 0x00007ffabe898000 	C:\Users\Muhammad Anas Ayub\.antigravity\extensions\redhat.java-1.54.0-win32-x64\jre\21.0.10-win32-x86_64\bin\zip.dll
0x00007ffad11e0000 - 0x00007ffad11f0000 	C:\Users\Muhammad Anas Ayub\.antigravity\extensions\redhat.java-1.54.0-win32-x64\jre\21.0.10-win32-x86_64\bin\net.dll
0x00007ffadbbd0000 - 0x00007ffadbcfd000 	C:\WINDOWS\SYSTEM32\WINHTTP.dll
0x00007ffae01f0000 - 0x00007ffae025c000 	C:\WINDOWS\system32\mswsock.dll
0x00007ffabe860000 - 0x00007ffabe876000 	C:\Users\Muhammad Anas Ayub\.antigravity\extensions\redhat.java-1.54.0-win32-x64\jre\21.0.10-win32-x86_64\bin\nio.dll
0x00007ffac8320000 - 0x00007ffac8330000 	C:\Users\Muhammad Anas Ayub\.antigravity\extensions\redhat.java-1.54.0-win32-x64\jre\21.0.10-win32-x86_64\bin\verify.dll
0x00007ffadd4c0000 - 0x00007ffadd4e7000 	C:\Users\Muhammad Anas Ayub\.gradle\native\1def1411415f61bf3af743bc5b6707747c0891f09f0c88961ee8f79bc544acac\windows-amd64\native-platform.dll
0x00007ffa5da50000 - 0x00007ffa5dac8000 	C:\Users\Muhammad Anas Ayub\.gradle\native\0.2.7\x86_64-windows-gnu\gradle-fileevents.dll
0x00007ffad0e60000 - 0x00007ffad0e6a000 	C:\Users\Muhammad Anas Ayub\.antigravity\extensions\redhat.java-1.54.0-win32-x64\jre\21.0.10-win32-x86_64\bin\management.dll
0x00007ffad0c50000 - 0x00007ffad0c5c000 	C:\Users\Muhammad Anas Ayub\.antigravity\extensions\redhat.java-1.54.0-win32-x64\jre\21.0.10-win32-x86_64\bin\management_ext.dll
0x00007ffae2920000 - 0x00007ffae2928000 	C:\WINDOWS\System32\PSAPI.DLL
0x00007ffadf7d0000 - 0x00007ffadf802000 	C:\WINDOWS\SYSTEM32\IPHLPAPI.DLL
0x00007ffae42e0000 - 0x00007ffae42ea000 	C:\WINDOWS\System32\NSI.dll
0x00007ffacfb00000 - 0x00007ffacfb09000 	C:\Users\Muhammad Anas Ayub\.antigravity\extensions\redhat.java-1.54.0-win32-x64\jre\21.0.10-win32-x86_64\bin\extnet.dll
0x00007ffae04d0000 - 0x00007ffae04eb000 	C:\WINDOWS\SYSTEM32\CRYPTSP.dll
0x00007ffadfbe0000 - 0x00007ffadfc19000 	C:\WINDOWS\system32\rsaenh.dll
0x00007ffae02a0000 - 0x00007ffae02d3000 	C:\WINDOWS\SYSTEM32\USERENV.dll
0x00007ffae0de0000 - 0x00007ffae0e0a000 	C:\WINDOWS\SYSTEM32\bcrypt.dll
0x00007ffae04f0000 - 0x00007ffae04fc000 	C:\WINDOWS\SYSTEM32\CRYPTBASE.dll
0x00007ffacfb50000 - 0x00007ffacfb5e000 	C:\Users\Muhammad Anas Ayub\.antigravity\extensions\redhat.java-1.54.0-win32-x64\jre\21.0.10-win32-x86_64\bin\sunmscapi.dll
0x00007ffae1100000 - 0x00007ffae1277000 	C:\WINDOWS\System32\CRYPT32.dll
0x00007ffae0760000 - 0x00007ffae0790000 	C:\WINDOWS\SYSTEM32\ncrypt.dll
0x00007ffae0710000 - 0x00007ffae074f000 	C:\WINDOWS\SYSTEM32\NTASN1.dll
0x00007ffac8ab0000 - 0x00007ffac8ab8000 	C:\WINDOWS\system32\wshunix.dll
0x00007ffab3210000 - 0x00007ffab3228000 	C:\WINDOWS\system32\napinsp.dll
0x00007ffadf810000 - 0x00007ffadf942000 	C:\WINDOWS\SYSTEM32\DNSAPI.dll
0x00007ffab2470000 - 0x00007ffab2483000 	C:\WINDOWS\System32\winrnr.dll
0x00007ffab3640000 - 0x00007ffab3662000 	C:\WINDOWS\system32\nlansp_c.dll
0x00007ffab67a0000 - 0x00007ffab67b6000 	C:\WINDOWS\system32\wshbth.dll
0x00007ffadb4a0000 - 0x00007ffadb4ab000 	C:\Windows\System32\rasadhlp.dll
0x00007ffadb730000 - 0x00007ffadb7b6000 	C:\WINDOWS\System32\fwpuclnt.dll
0x00007ffa9c240000 - 0x00007ffa9c247000 	C:\Users\Muhammad Anas Ayub\.antigravity\extensions\redhat.java-1.54.0-win32-x64\jre\21.0.10-win32-x86_64\bin\rmi.dll

JVMTI agents:
C:\Users\Muhammad Anas Ayub\.gradle\wrapper\dists\gradle-8.14-all\c2qonpi39x1mddn7hk5gh9iqj\gradle-8.14\lib\agents\gradle-instrumentation-agent-8.14.jar path:C:\Users\Muhammad Anas Ayub\.antigravity\extensions\redhat.java-1.54.0-win32-x64\jre\21.0.10-win32-x86_64\bin\instrument.dll, loaded, initialized, instrumentlib options:none

dbghelp: loaded successfully - version: 4.0.5 - missing functions: none
symbol engine: initialized successfully - sym options: 0x614 - pdb path: .;C:\Users\Muhammad Anas Ayub\.antigravity\extensions\redhat.java-1.54.0-win32-x64\jre\21.0.10-win32-x86_64\bin;C:\WINDOWS\SYSTEM32;C:\WINDOWS\WinSxS\amd64_microsoft.windows.common-controls_6595b64144ccf1df_6.0.26100.8115_none_3e075c82e3354f9c;C:\Users\Muhammad Anas Ayub\.antigravity\extensions\redhat.java-1.54.0-win32-x64\jre\21.0.10-win32-x86_64\bin\server;C:\Users\Muhammad Anas Ayub\.gradle\native\1def1411415f61bf3af743bc5b6707747c0891f09f0c88961ee8f79bc544acac\windows-amd64;C:\Users\Muhammad Anas Ayub\.gradle\native\0.2.7\x86_64-windows-gnu

VM Arguments:
jvm_args: --add-opens=java.base/java.lang=ALL-UNNAMED --add-opens=java.base/java.lang.invoke=ALL-UNNAMED --add-opens=java.base/java.util=ALL-UNNAMED --add-opens=java.prefs/java.util.prefs=ALL-UNNAMED --add-exports=jdk.compiler/com.sun.tools.javac.api=ALL-UNNAMED --add-exports=jdk.compiler/com.sun.tools.javac.util=ALL-UNNAMED --add-opens=java.base/java.util=ALL-UNNAMED --add-opens=java.prefs/java.util.prefs=ALL-UNNAMED --add-opens=java.base/java.nio.charset=ALL-UNNAMED --add-opens=java.base/java.net=ALL-UNNAMED --add-opens=java.base/java.util.concurrent.atomic=ALL-UNNAMED --add-opens=java.xml/javax.xml.namespace=ALL-UNNAMED -XX:MaxMetaspaceSize=512m -XX:ReservedCodeCacheSize=128m -XX:+HeapDumpOnOutOfMemoryError -Xmx2G -Dfile.encoding=UTF-8 -Duser.country=US -Duser.language=en -Duser.variant -javaagent:C:\Users\Muhammad Anas Ayub\.gradle\wrapper\dists\gradle-8.14-all\c2qonpi39x1mddn7hk5gh9iqj\gradle-8.14\lib\agents\gradle-instrumentation-agent-8.14.jar 
java_command: org.gradle.launcher.daemon.bootstrap.GradleDaemon 8.14
java_class_path (initial): C:\Users\Muhammad Anas Ayub\.gradle\wrapper\dists\gradle-8.14-all\c2qonpi39x1mddn7hk5gh9iqj\gradle-8.14\lib\gradle-daemon-main-8.14.jar
Launcher Type: SUN_STANDARD

[Global flags]
     intx CICompilerCount                          = 4                                         {product} {ergonomic}
   size_t CompressedClassSpaceSize                 = 436207616                                 {product} {ergonomic}
     uint ConcGCThreads                            = 3                                         {product} {ergonomic}
     uint G1ConcRefinementThreads                  = 10                                        {product} {ergonomic}
   size_t G1HeapRegionSize                         = 1048576                                   {product} {ergonomic}
    uintx GCDrainStackTargetSize                   = 64                                        {product} {ergonomic}
     bool HeapDumpOnOutOfMemoryError               = true                                   {manageable} {command line}
   size_t InitialHeapSize                          = 268435456                                 {product} {ergonomic}
   size_t MarkStackSize                            = 4194304                                   {product} {ergonomic}
   size_t MaxHeapSize                              = 2147483648                                {product} {command line}
   size_t MaxMetaspaceSize                         = 536870912                                 {product} {command line}
   size_t MaxNewSize                               = 1287651328                                {product} {ergonomic}
   size_t MinHeapDeltaBytes                        = 1048576                                   {product} {ergonomic}
   size_t MinHeapSize                              = 8388608                                   {product} {ergonomic}
    uintx NonNMethodCodeHeapSize                   = 4096                                   {pd product} {ergonomic}
    uintx NonProfiledCodeHeapSize                  = 0                                      {pd product} {ergonomic}
    uintx ProfiledCodeHeapSize                     = 0                                      {pd product} {ergonomic}
    uintx ReservedCodeCacheSize                    = 134217728                              {pd product} {command line}
   size_t SoftMaxHeapSize                          = 2147483648                             {manageable} {ergonomic}
     bool UseCompressedOops                        = true                           {product lp64_product} {ergonomic}
     bool UseG1GC                                  = true                                      {product} {ergonomic}
     bool UseLargePagesIndividualAllocation        = false                                  {pd product} {ergonomic}

Logging:
Log output configuration:
 #0: stdout all=warning uptime,level,tags foldmultilines=false
 #1: stderr all=off uptime,level,tags foldmultilines=false

Release file:
JAVA_VERSION="21.0.10" 
MODULES="java.base java.compiler java.datatransfer java.xml java.prefs java.desktop java.instrument java.logging java.management java.security.sasl java.naming java.rmi java.management.rmi java.net.http java.scripting java.security.jgss java.transaction.xa java.sql java.sql.rowset java.xml.crypto java.se java.smartcardio jdk.accessibility jdk.internal.jvmstat jdk.attach jdk.charsets jdk.internal.opt jdk.zipfs jdk.compiler jdk.crypto.ec jdk.crypto.cryptoki jdk.crypto.mscapi jdk.dynalink jdk.internal.ed jdk.editpad jdk.hotspot.agent jdk.httpserver jdk.internal.le jdk.internal.vm.ci jdk.internal.vm.compiler jdk.internal.vm.compiler.management jdk.jartool jdk.javadoc jdk.jcmd jdk.management jdk.management.agent jdk.jconsole jdk.jdeps jdk.jdwp.agent jdk.jdi jdk.jfr jdk.jshell jdk.jsobject jdk.jstatd jdk.localedata jdk.management.jfr jdk.naming.dns jdk.naming.rmi jdk.net jdk.nio.mapmode jdk.random jdk.sctp jdk.security.auth jdk.security.jgss jdk.unsupported jdk.unsupported.desktop jdk.xml.dom" 

Environment Variables:
JAVA_HOME=C:\Program Files\Android\Android Studio\jbr
PATH=C:\Program Files\Android\Android Studio\jbr\bin;C:\WINDOWS\system32;C:\WINDOWS;C:\WINDOWS\System32\Wbem;C:\WINDOWS\System32\WindowsPowerShell\v1.0\;C:\WINDOWS\System32\OpenSSH\;C:\Program Files\NVIDIA Corporation\NVIDIA App\NvDLISR;C:\development\;C:\development\nodejs;C:\Program Files\cursor\resources\app\bin;C:\Program Files\dotnet\;C:\ProgramData\anaconda3;C:\ProgramData\anaconda3\Scripts;C:\development\flutter\bin;C:\Users\Muhammad Anas Ayub\AppData\Local\Microsoft\WindowsApps;C:\Users\Muhammad Anas Ayub\AppData\Roaming\npm;C:\Users\Muhammad Anas Ayub\AppData\Local\Programs\Microsoft VS Code\bin;C:\Program Files\Android\Android Studio\jbr;C:\Users\Muhammad Anas Ayub\AppData\Local\Programs\cursor\resources\app\bin;C:\Users\Muhammad Anas Ayub\AppData\Local\Programs\Antigravity\bin;C:\Users\Muhammad Anas Ayub\AppData\Local\GitHubDesktop\bin;C:\ProgramData\anaconda3\Library\bin;
USERNAME=Muhammad Anas Ayub
OS=Windows_NT
PROCESSOR_IDENTIFIER=AMD64 Family 23 Model 113 Stepping 0, AuthenticAMD
TMP=C:\Users\MUHAMM~1\AppData\Local\Temp
TEMP=C:\Users\MUHAMM~1\AppData\Local\Temp




Periodic native trim disabled

---------------  S Y S T E M  ---------------

OS:
 Windows 11 , 64 bit Build 26100 (10.0.26100.8246)
OS uptime: 0 days 20:18 hours

CPU: total 12 (initial active 12) (12 cores per cpu, 2 threads per core) family 23 model 113 stepping 0 microcode 0x8701030, cx8, cmov, fxsr, ht, mmx, 3dnowpref, sse, sse2, sse3, ssse3, sse4a, sse4.1, sse4.2, popcnt, lzcnt, tsc, tscinvbit, avx, avx2, aes, clmul, bmi1, bmi2, adx, sha, fma, vzeroupper, clflush, clflushopt, rdtscp, rdpid, f16c
Processor Information for the first 12 processors :
  Max Mhz: 3600, Current Mhz: 3600, Mhz Limit: 3600

Memory: 4k page, system-wide physical 16309M (1277M free)
TotalPageFile size 28597M (AvailPageFile size 0M)
current process WorkingSet (physical memory assigned to process): 598M, peak: 609M
current process commit charge ("private bytes"): 646M, peak: 664M

vm_info: OpenJDK 64-Bit Server VM (21.0.10+7-LTS) for windows-amd64 JRE (21.0.10+7-LTS), built on 2026-01-20T00:00:00Z by "admin" with MS VC++ 17.12 (VS2022)

END.
